廖建泉,主治医师,心内科,复旦大学附属中山医院,10.0,擅长：冠心病、高血压、心律失常、心力衰竭、心肌病等复杂...,￥200
张峰,主任医师,心内科高级专家门诊,复旦大学附属中山医院,10.0,擅长：冠心病、高血压、高血脂、心律失常、心功能不全等心...,￥888
张林昊,主治医师,消化内科,四川大学华西医院,,擅长：消化内科常见病、多发病（例如消化不良、慢性胃炎、...,未开通
李晓光,主任医师,神经科,北京协和医院,9.9,擅长：肌萎缩侧索硬化及其他神经系统退行性疾病（如老年痴...,￥1999
陈辉,主治医师,消化内科,西京医院,9.9,擅长：肝炎（乙肝，丙肝等）的规范治疗，肝硬化并发症的规...,￥99
赵耀中,主任医师,淋巴瘤诊疗中心,中国医学科学院血液病医院（血液学研究所）,10.0,擅长：各类血液病的诊断与治疗，尤其擅长各类淋巴系统血液...,￥500
李超,副主任医师,肾内科,北京协和医院,9.9,擅长：膜性肾病、狼疮性肾炎等原发和继发性肾小球疾病,未开通
杨帆,主任医师,抗生素研究所,复旦大学附属华山医院,9.3,擅长：各类细菌、真菌感染诊治，抗菌药物合理应用。,￥1000
宋雷,主任医师,心内科,中国医学科学院阜外医院,10.0,擅长：冠心病及冠脉介入治疗，冠状动脉内影像及生理学，左...,￥1992
陈雪华,副主任医师,呼吸内科,复旦大学附属中山医院,9.9,擅长：急性、慢性肺炎，肺结节，隐原性机化性肺炎，肺隐球...,未开通
罗锋,主治医师,呼吸科,四川大学华西医院,9.9,擅长：医学博士。在呼吸系统常见疾病以及多发病，尤其是对...,暂无排班
黄智伟,副主任医师,心内科,中国医学科学院阜外医院,10.0,擅长：冠心病心肌梗死高血压病高脂血症心律失常（...,￥500
孟馨,主任医师,内分泌科,中国医科大学附属第一医院,10.0,擅长：糖尿病及并发症的诊治、甲状腺疾病诊治等。,未开通
张鑫,主治医师,肾内科,北京大学第一医院,10.0,擅长：慢性肾脏病、肾小球肾炎、单克隆免疫球蛋白相关肾损...,未开通
侯婉音,主治医师,肾内科,北京大学第一医院,10.0,擅长：IgA肾病，膜性肾病，肾病综合征，新冠病毒感染后...,￥300
沈珠军,主任医师,心内科,北京协和医院,10.0,擅长：冠心病介入治疗，高血压、高脂血症等心血管疾病诊治...,未开通
邓欣,主治医师,心内科,复旦大学附属中山医院,9.7,擅长：主攻冠心病、心肌梗死以及心脏支架手术，以及高血压...,￥200
冯一洲,医师,心脏内科,四川大学华西医院,10.0,擅长：常见病多发病的诊治及各种血液学检查报告的解读。,￥200
龚凌云,副主任医师,神经内科,复旦大学附属华山医院,10.0,擅长：周围神经病、神经痛、运动神经元病、脊髓病变、脑血...,未开通
沙莎,副主任医师,神经内科,中国医科大学附属第一医院,10.0,擅长：常见老年疾病包括老年病痴呆，脑出血，脑血栓，头痛...,￥200
徐仁德,主治医师,心内科,复旦大学附属中山医院,,擅长：心内科相关疾病,未开通
郭涛,主任医师,血液科专家,华中科技大学同济医学院附属协和医院,10.0,擅长：噬血细胞综合征，白血病，淋巴瘤，骨髓瘤；擅长血小...,未开通
范学工,主任医师,感染病科,中南大学湘雅医院,9.8,擅长：各类肝脏疾病，特别是病毒性肝炎的诊断与治疗。,未开通
陆福明,主任医师,肾内科,复旦大学附属华山医院,9.8,擅长：各种肾炎如IgA肾炎、膜性肾病、狼疮性肾炎治疗。...,￥498
余希杰,主任医师,内分泌科,四川大学华西医院,10.0,擅长：骨质疏松骨痛、肿瘤相关骨病、甲状旁腺疾病及钙磷代...,￥300
郭涛,副主任医师,消化内科,北京协和医院,9.9,擅长：早期胃癌，幽门螺杆菌感染，胰腺疾病，结肠息肉，炎...,暂无排班
邓钰蕾,主任医师,门诊神内,上海交通大学医学院附属瑞金医院,9.9,擅长：癫痫等发作性疾病、老年性痴呆、头痛、睡眠障碍、脑...,￥800
李异玲,主任医师,消化内科,中国医科大学附属第一医院,10.0,擅长：各种急慢性肝病的诊治，尤其是脂肪性肝病，药物性肝...,暂无排班
罗庆志,主治医师,心血管内科,上海交通大学医学院附属瑞金医院,10.0,擅长：室上速，早搏，房扑房颤等快速型心律失常消融治疗，...,未开通
盛滋科,主治医师,门诊感染病,上海交通大学医学院附属瑞金医院,10.0,擅长：发热，呼吸道感染，细菌感染，各种病毒性肝炎,未开通
李敏,主任医师,心内科,首都医科大学附属北京安贞医院,10.0,擅长：心内科类常见疾病，冠心病，心律失常，房颤，房早，...,￥300
谢万灼,主任医师,血液病科,浙江大学医学院附属第一医院,10.0,擅长：血液病科常见疾病,暂无排班
常红,主任医师,血液内科,四川大学华西医院,10.0,擅长：各种血液检查报告解读，用药建议及诊后指导。血液科...,￥600
蒋卫民,主任医师,感染发热,复旦大学附属华山医院,9.9,擅长：各种病毒性肝炎、肝功能异常、各种发热性疾病、寄生...,￥500
张海鹏,住院医师,呼吸科,四川大学华西医院,10.0,擅长：呼吸道疾病例如上呼吸道感染，各类肺炎，COPD，...,￥60
汤正义,主任医师,门诊内分泌,上海交通大学医学院附属瑞金医院,9.9,擅长：糖尿病血糖控制与疑难并发症的诊治，甲状腺、肾上腺...,未开通
李凯,副主任医师,消化内科,西京医院,10.0,擅长：肝硬化，肝癌，消化道出血，腹水，病毒性肝炎等慢性...,暂无排班
孙晓红,主任医师,消化内科,北京协和医院,10.0,擅长：胃食管反流病、贲门失弛缓症、功能性食管疾病、功能...,未开通
徐蔚海,主任医师,神经科,北京协和医院,9.8,擅长：疑难脑卒中，青年卒中，中枢神经系统疾病疑难疾病，...,未开通
张德新,主任医师,消化内科,西京医院,9.9,擅长：各种食管、胃、肠道疾病。包括胃食管反流病，消化不...,暂无排班
施光峰,主任医师,感染发热,复旦大学附属华山医院,9.5,擅长：各种感染病的诊治，尤其擅长慢乙肝、慢丙肝、脂肪肝...,￥498
高瑞通,主任医师,肾内科,北京协和医院,9.9,擅长：各种原发和继发性肾小球疾病、肾血管疾病及急、慢性...,￥1200
吴斌,主治医师,神经内科,复旦大学附属华山医院,,擅长：神经内科的相关疾病,未开通
汪涛,主任医师,呼吸与危重症医学科,华中科技大学同济医学院附属同济医院,10.0,擅长：肺癌，肺结节的介入消融治疗，气道狭窄，气道瘘治疗...,暂无排班
程蕾蕾,主任医师,心内科,复旦大学附属中山医院,9.8,擅长：关注恶性肿瘤患者放疗、化疗、靶向及免疫治疗过程中...,未开通
舒慧君,主任医师,消化内科,北京协和医院,10.0,擅长：消化系统常见病，自身免疫性肝病，自身免疫性胰腺炎...,￥1000
曹玉珍,主任医师,神经科,北京协和医院,9.9,擅长：各种类型的脑血管病的诊治，包括脑梗塞，脑出血，蛛...,未开通
王晓黎,主任医师,内分泌科,中国医科大学附属第一医院,10.0,擅长：内分泌系统疾病诊治，包括各种类型糖尿病，甲状腺疾...,￥199
张祥,副主任医师,神经内科,复旦大学附属华山医院,9.9,擅长：脱髓鞘疾病(视神经脊髓炎，多发性硬化，中枢神经系...,￥500
匡鼎伟,副主任医师,肾病科,复旦大学附属华山医院,9.9,擅长：各类慢性肾小球肾炎、各种类型肾病综合征、IgA肾...,￥368
李洋,副主任医师,贫血科,中国医学科学院血液病医院（血液学研究所）,10.0,擅长：白血病，再生障碍性贫血，缺铁性贫血，骨髓增生异常...,￥300
徐晓刚,主任医师,感染门诊,复旦大学附属华山医院,9.9,擅长：肺炎、尿路感染、脑膜炎等常见感染性疾病的诊断及治...,未开通
任治秀,副主任医师,呼吸科,四川大学华西医院,9.8,擅长：呼吸系统常见疾病以及多发病，尤其是对慢性阻塞性肺...,暂无排班
柳青,副主任医师,神经科,北京协和医院,9.8,擅长：脑血管病，癫痫，睡眠障碍，运动神经元病，家族遗传...,暂无排班
吴庆军,主任医师,风湿免疫科,北京协和医院,9.9,擅长：诊治系统性红斑狼疮、干燥综合征、类风湿关节炎、脊...,未开通
刘子龙,主治医师,呼吸内科,复旦大学附属中山医院,9.9,擅长：呼吸系统疾病的诊治，特别是慢性气道疾病、呼吸危重...,暂无排班
柳叶,主治医师,神经内科,复旦大学附属华山医院,10.0,擅长：脑血管病方向（脑梗死，脑出血，腔梗，脑小血管病）,未开通
刘强,副主任医师,肾内科,中国医科大学附属第一医院,10.0,擅长：IgA肾病，膜性肾病，糖尿病肾病，痛风性肾病，高...,￥100
温华,副主任医师,呼吸内科,中国医科大学附属第一医院,10.0,擅长：急性上呼吸道感染、慢阻肺、支气管哮喘、支气管扩张...,未开通
胡秀芬,主任医师,儿童心血管风湿免疫科,华中科技大学同济医学院附属同济医院,9.8,擅长：儿科心血管疾病、风湿免疫性疾病、发热性疾病、呼吸...,￥100
朱绍华,主治医师,消化内科,西京医院,10.0,擅长：本人专业消化内科，食管、胃及结直肠早期肿瘤的内镜...,￥60
蒋伏松,主任医师,内分泌代谢科,上海市第六人民医院东院(临港),10.0,擅长：糖尿病急性并发症、甲状腺功能亢进及甲状腺相关眼病...,￥200
陈浩,主治医师,过敏反应科,华中科技大学同济医学院附属同济医院,10.0,擅长：过敏性鼻炎、哮喘、过敏性结膜炎、荨麻疹/血管性水...,暂无排班
邹长虹,主治医师,心内科,中国医学科学院阜外医院,10.0,擅长：不同病因和不同类型心力衰竭和心肌病的诊断和治疗，...,未开通
袁贤奇,主任医师,心内科,中国医学科学院阜外医院,10.0,擅长：冠心病、高血压、高脂血症、心肌病、心力衰竭、心律...,暂无排班
郑洋洋,主治医师,消化内科,西京医院,9.9,擅长：1.各种肝病包括病毒性肝炎、自身免疫性肝炎、肝癌...,未开通
徐潮,主任医师,内分泌科,山东省立医院,10.0,擅长：遗传代谢性疾病，疑难罕见病，糖尿病，甲状腺疾病，...,￥200
宫萍,副主任医师,老年病内科,北京大学第三医院,9.8,擅长：1.老年神经系统疾病的治疗与康复：认知康复、脑血...,￥200
钱云,主任医师,老年医学科门诊,江苏省人民医院,10.0,擅长：神经内科、老年科常见病多发病诊治,￥300
彭再梅,主任医师,呼吸内科门诊,中南大学湘雅二医院,9.9,擅长：肺部结节、肺炎、肺肿瘤、支气管哮喘及慢性阻塞性肺...,￥400
吕富靖,主任医师,消化内科,首都医科大学附属北京友谊医院,10.0,擅长：消化系统疾病的内镜下微创诊疗。包括胃镜、结肠镜、...,￥300
罗说明,副主任医师,内分泌科门诊,中南大学湘雅二医院,10.0,擅长：糖尿病、甲状腺疾病、代谢综合征、肥胖、痛风、继发...,暂无排班
尹路,主任医师,血液内科门诊,上海市第十人民医院,9.9,擅长：处理腹部外科疑难病症和肠瘘；胃肠道肿瘤微创治疗；...,暂无排班
张顺财,主任医师,消化科高级专家门诊,复旦大学附属中山医院,9.6,擅长：消化系统疾病疑难杂症，慢性肝病，胃肠疾病，胰腺疾...,￥700
吴边,主治医师,肾内科,南京大学医学院附属金陵医院（东部战区总医院）,10.0,擅长：血液透析、连续性血液净化治疗，高血压、高尿酸血症...,￥139
陈允钦,副主任医师,心内科,复旦大学附属中山医院,9.9,擅长：通过调节血脂抗动脉斑块，稳定和逆转斑块，防治动脉...,未开通
李怀平,副主任医师,肾病内科,西京医院,10.0,擅长：肾小球疾病、狼疮性肾炎、间质小管性疾病、难治性肾...,￥500
孙海霞,副主任医师,心内科,首都医科大学附属北京安贞医院,10.0,擅长：心内科、动脉硬化高脂血症、高血压、冠心病的治疗。,暂无排班
阎嶂松,副主任医师,血液内科,中国医学科学院血液病医院（血液学研究所）,10.0,擅长：从事血液系统疾病的临床诊断和治疗、造血干细胞移植...,￥200
凌雁,主任医师,内分泌科高级专家门诊,复旦大学附属中山医院,9.9,擅长：内分泌代谢疾病的诊治，尤其是糖尿病、甲亢、甲状腺...,未开通
刘彤,主任医师,心内科,首都医科大学附属北京安贞医院,10.0,擅长：心力衰竭，心肌病，冠心病，高血压，心律失常。,￥1000
张磊,副主任医师,心内科,复旦大学附属中山医院,10.0,擅长：常见心血管疾病诊疗，尤其是心脏起搏器手术治疗。,暂无排班
贺春晖,主治医师,心内科,中国医学科学院阜外医院,9.9,擅长：冠心病，高血压，血脂代谢异常，心律失常的诊治,￥500
华冰珠,主任医师,风湿免疫科,南京鼓楼医院,9.9,擅长：类风湿性关节炎、强直性脊柱炎、干燥综合征、系统性...,暂无排班
杨虹波,副主任医师,心内科,复旦大学附属中山医院,10.0,擅长：冠心病介入治疗，心血管影像学及功能生理学评估,未开通
朱铁楠,主任医师,血液内科,北京协和医院,10.0,擅长：血栓性疾病、出血性疾病、血液科危重症、血栓性疾病...,暂无排班
张广文,主治医师,消化内科,西京医院,9.9,擅长：消化内科急危重症，消化道出血，肝硬化，门脉高压，...,暂无排班
陈芬琴,副主任医师,内分泌科,中国医科大学附属第一医院,10.0,擅长：糖尿病内分泌治疗,暂无排班
王明华,副主任医师,感染门诊,复旦大学附属华山医院,10.0,擅长：常见感染科相关疾病诊治，包括各类细菌、真菌性感染...,未开通
刘凤芹,副主任医师,内科,南方医科大学南方医院,9.9,擅长：糖尿病、高血压血脂异常、高尿酸血症、骨质疏松症、...,暂无排班
张波,副主任医师,血液科专家,华中科技大学同济医学院附属协和医院,10.0,擅长：血液系统恶性肿瘤如多发性骨髓瘤，白血病，淋巴瘤以...,未开通
周绪杰,副主任医师,肾内科,北京大学第一医院,10.0,擅长：IgA肾病遗传性肾脏病肾小球肾炎,未开通
安立新,主任医师,过敏反应诊室,哈尔滨医科大学附属第一医院,10.0,擅长：运用变态反应学、耳鼻咽喉学科和皮肤科临床诊断技术...,未开通
韩冰,主任医师,血液内科,北京协和医院,9.7,擅长：各种血液系统恶性肿瘤、特别是贫血，血小板减少、骨...,￥1000
许戎,主任医师,肾内科,北京大学第一医院,10.0,擅长：各种急性和慢性肾炎，急性和慢性肾衰竭，尿毒症，血...,￥300
陈轶坚,主任医师,抗生素研究所,复旦大学附属华山医院,9.9,擅长：新型冠状病毒肺炎、尿路感染、脑脓肿、“超级细菌”...,暂无排班
杨阳,副主任医师,心内科,北京儿童医院,10.0,擅长：小儿先心病动脉导管，房间隔缺损，室间隔缺损等的介...,￥300
孙秀娟,副主任医师,血液内科,中国医学科学院血液病医院（血液学研究所）,10.0,擅长：血液学研究再生障得性贫血，缺铁性贫血，骨增生异常...,￥200
方霖,主治医师,消化内科,南方医科大学南方医院,10.0,擅长：消化系统疾病的诊治（近年来门诊诊治患者近5千人/...,￥100
潘洁敏,副主任医师,内分泌代谢科,上海市第六人民医院,9.9,"擅长：肥胖及代谢综合征的综合管理，糖尿病的个体化治疗,...",￥200
沈迎,副主任医师,心血管内科,上海交通大学医学院附属瑞金医院,10.0,擅长：冠心病，高血脂，颈动脉斑块，心律失常（房颤、房扑...,未开通
张纯,主任医师,血液科专家,华中科技大学同济医学院附属协和医院,9.4,擅长：造血系统恶性疾病、贫血,未开通
李博,主治医师,心血管内科,浙江大学医学院附属第一医院,10.0,擅长：高血压病、冠心病、心律失常、心力衰竭以及老年性、...,￥80
田锐,主任医师,心内科,首都医科大学附属北京安贞医院,,擅长：心律失常、冠心病、介入治疗。,暂无排班
任学军,主任医师,心内科,首都医科大学附属北京安贞医院,,擅长：心脏起搏与电生理射频消融治疗，心律失常的诊断与治...,未开通
沈雳,主任医师,心内科高级专家门诊,复旦大学附属中山医院,9.9,擅长：心绞痛诊疗，冠心病介入治疗、顽固性高血压的治疗...,未开通
周朝晖,主任医师,消化科,复旦大学附属中山医院,9.9,"擅长：1、各种类型的肝病的诊治,包括急,慢性肝炎,脂肪...",￥500
杨晓,主任医师,肾内科,华中科技大学同济医学院附属协和医院,9.9,擅长：肾脏病、原发性肾小球疾病、继发性肾小球疾病、狼疮...,未开通
毛日成,副主任医师,感染发热,复旦大学附属华山医院,9.9,擅长：感染发热的相关疾病,￥150
胡耐博,副主任医师,血液内科,中国医学科学院血液病医院（血液学研究所）,10.0,擅长：白血病，再生障碍性贫血，骨髓增生异常综合征等疾病...,￥200
王淑艳,主任医师,内分泌科门诊,烟台毓璜顶医院,10.0,擅长：主攻糖尿病、肥胖症、继发性高血压、垂体疾病、骨质...,￥269
吴春玲,副主任医师,风湿科,中国医科大学附属第一医院,10.0,擅长：系统性红斑狼疮，类风湿关节炎，强直性脊柱炎,暂无排班
马东霞,主治医师,过敏反应科,华中科技大学同济医学院附属同济医院,10.0,擅长：过敏性哮喘，过敏性鼻炎，过敏性咳嗽，鸡蛋牛奶等食...,未开通
赵连江,主任医师,内科,潍坊市第二人民医院,10.0,擅长：中西医结合治疗肺部疾病及心脑血管疾病，尤其擅长肺...,￥50
亢园园,主治医师,门诊高血压,上海交通大学医学院附属瑞金医院,10.0,擅长：高血压病因筛查，高血压优化治疗，继发性高血压的诊...,未开通
陈海敏,主治医师,心内科,广东省人民医院,9.9,擅长：心内科方面的常见疾病。,未开通
刘艳,副主任医师,老年病内科,西京医院,9.9,擅长：从事老年病科临床工作10余年，擅长老年高血压，冠...,未开通
王飞,副主任医师,心血管内科,东莞市滨海湾中心医院,10.0,擅长：高血压病（头痛、头晕、眼花）、心律失常（心房颤动...,暂无排班
于世龙,主任医师,心血管内科,华中科技大学同济医学院附属协和医院,9.9,擅长：冠心病、高血压、心律失常、血脂异常、胸痛、心悸,￥100
宿燕岗,主任医师,心内科高级专家门诊,复旦大学附属中山医院,9.4,擅长：心力衰竭、心脏起搏诊治,未开通
陈小东,主任医师,呼吸科,复旦大学附属华山医院,9.7,擅长：肺部结节、肺癌、慢性咳嗽、哮喘、慢阻病、肺纤维化...,￥1000
褚章波,副主任医师,血液科专家,华中科技大学同济医学院附属协和医院,10.0,擅长：白血病、淋巴瘤、骨髓瘤等血液系统恶性肿瘤和其它血...,￥500
金嘉琳,主任医师,感染发热,复旦大学附属华山医院,8.9,擅长：发热待查、中枢神经系统感染、败血症及感染性心内膜...,未开通
戴艳,副主任医师,肾病科,复旦大学附属中山医院,10.0,擅长：糖尿病肾病，高血压肾病，肾脏疾病高尿酸血症等一体...,￥300
黄金波,副主任医师,血液内科,中国医学科学院血液病医院（血液学研究所）,9.9,擅长：再生障碍性贫血、骨髓增生异常综合症，纯红细胞再生...,￥300
王启贤,主任医师,心脏内科,昆明医科大学第一附属医院,10.0,擅长：心血管病临床及冠心病及先天性心脏病介入诊治，高血...,￥300
李建平,副主任医师,血液内科,中国医学科学院血液病医院（血液学研究所）,9.9,擅长：各种类型贫血，再生障碍性贫血，溶血性贫血，纯红细...,￥200
郑汝桦,副主任医师,消化内科,南京鼓楼医院,10.0,擅长：胃肠镜操作，胃肠道疾病内镜下治疗，胆道系统疾病（...,￥30
陈秀梅,副主任医师,心血管内科,江苏省人民医院,10.0,擅长：甲流奥司他韦处方、长新冠后遗症（新冠感染后胸闷、...,￥299
翟光耀,副主任医师,心内科,首都医科大学附属北京安贞医院,,擅长：复杂冠心病的微创介入手术(修复血管而无支架植入)...,暂无排班
王燕燕,副主任医师,感染科,南昌市第三医院,10.0,擅长：感染科常见疾病，多发病的诊治，丙肝，乙肝，脂肪...,￥50
何汝敏,主任医师,门诊心脏,上海交通大学医学院附属瑞金医院,9.8,擅长：心血管系统各种危重疾病与疑难病例，包括冠心病，心...,￥300
黄宗文,主任医师,消化内科专科门诊(温江),四川大学华西医院,9.9,擅长：中西医结合治疗重症急性胰腺炎、肠梗阻、胃肠动力障...,暂无排班
李航,主任医师,肾内科,北京协和医院,10.0,擅长：慢性肾炎，IgA肾病，膜性肾病，狼疮性肾炎，糖尿...,暂无排班
于明香,主任医师,内分泌科高级专家门诊,复旦大学附属中山医院,9.9,擅长：内分泌与代谢疾病：骨质疏松、糖尿病、甲状腺疾病、...,￥880
卢瑗瑗,副主任医师,消化内科,西京医院,10.0,擅长：消化系统肿瘤的诊疗，化疗、分子靶向治疗、免疫治疗...,未开通
孙石磊,主任医师,神经内科(河医院区),郑州大学第一附属医院,9.9,擅长：脑血管疾病、重症肌无力、癫痫、眩晕、痴呆、颅内感...,￥500
张静,副主任医师,消化内科,西京医院,9.9,擅长：消化内科相关疾病,未开通
李刚,主任医师,心血管内科(郑东)(郑东院区),郑州大学第一附属医院,10.0,擅长：生殖内分泌、男女不孕症、辅助生殖技术等方面有丰富...,￥300
马剑英,主任医师,心内科,复旦大学附属中山医院,9.0,擅长：冠心病介入治疗复杂冠心病介入治疗冠脉闭塞病变介入...,未开通
李筠,主任医师,心血管专科,上海儿童医学中心,9.8,擅长：对儿科常见病诊治经验丰富，常年从事小儿先心病的心...,未开通
王一梅,副主任医师,肾病科,复旦大学附属中山医院,10.0,擅长：急性肾损伤、血尿蛋白尿、慢性肾功能不全、高尿酸血...,未开通
杨志梅,主治医师,血液病研究所,北京大学人民医院,10.0,擅长：白血病，淋巴瘤，骨髓瘤，骨髓增生异常综合征，再生...,暂无排班
高波涛,副主任医师,先天性心脏瓣膜疾病,上海儿童医学中心,10.0,擅长：各类小儿先天性心脏病的外科治疗。包括简单先心病如...,￥120
王彦丽,副主任医师,肝炎门诊,中国医科大学附属第一医院,10.0,擅长：各种肝病，包括病毒性肝炎，肝硬化，重症肝病及各种...,未开通
潘超,主治医师,神经内科,华中科技大学同济医学院附属同济医院,10.0,擅长：脑梗死，脑出血，周围神经病，抑郁焦虑，癫痫，帕金...,未开通
薛喜锐,主任医师,呼吸内科,甘肃省第二人民医院,10.0,擅长：慢性阻塞性肺疾病、支气管哮喘、肺结核、各种肺炎及...,￥40
张艳,主任医师,神经内科诊室,哈尔滨医科大学附属第一医院,10.0,擅长：脑血管病、周围神经病变、帕金森病和老年性痴呆。,暂无排班
杨鹏飞,副主任医师,感染病科,哈尔滨医科大学附属第二医院,10.0,擅长：肝炎，肝硬化，肝癌，新型冠状病毒肺炎出血热，腹...,￥58
俞一飞,主治医师,内分泌科,复旦大学附属华山医院,10.0,擅长：针对糖尿病、甲状腺疾病、垂体瘤等内分泌疾病有丰富...,暂无排班
李诗贤,副主任医师,内科,滕州市中医医院,10.0,擅长：内科系统常见病多发病，及疑难杂症的诊疗，对心血管...,￥20
罗萍艳,主治医师,内分泌科,贵州医科大学附属医院,10.0,擅长：内分泌，糖尿病，肥胖，口腔溃疡，焦虑，减肥，甲亢...,￥39
王汉民,副主任医师,肾病内科,西京医院,10.0,擅长：难治性肾病综合征，lgA肾病，糖尿病肾病，狼疮性...,未开通
王洪华,主治医师,内分泌科,丽水微医互联网医院,10.0,擅长：甲状腺机能亢进、皮炎，湿疹，皮肤性病，2型糖尿病...,暂无排班
黄铁群,主任医师,呼吸病门诊,中日友好医院,10.0,擅长：呼吸系统常见病、疑难病和危重病的诊断治疗如肺炎支...,￥300
高峰,主任医师,内分泌科(普),华中科技大学同济医学院附属协和医院,10.0,擅长：身材矮小症、肥胖症、肥胖型糖尿病、甲状腺疾病等,￥200
王从容,主任医师,内分泌科,上海市第四人民医院,9.6,擅长：家族遗传性糖尿病、肥胖病、线粒体基因突变糖尿病的...,￥300
崔乐,主治医师,变态反应科,北京协和医院,10.0,擅长：过敏性鼻炎、咳嗽、哮喘、荨麻疹、湿疹、皮肤过敏、...,￥150
张东华,主任医师,造血干细胞专病,华中科技大学同济医学院附属同济医院,9.9,擅长：各种血液病，特别是恶性血液病（如急性、慢性白血病...,￥100
黄伟,主任医师,血液内科,华中科技大学同济医学院附属同济医院,9.9,擅长：白血病，淋巴瘤，骨髓瘤，骨髓增生异常综合症,￥150
何晓敏,副主任医师,心血管专科,上海儿童医学中心,10.0,擅长：国内率先开展先天性心脏病的微创与美容外科一体化治...,未开通
吴世洪,副主任医师,内科,达州市达川区疾病预防控制中心附属医院,10.0,擅长：内科，儿科常见病多发病及疑难杂症的诊治，态度和善...,￥100
杨雅琪,主治医师,过敏反应科,华中科技大学同济医学院附属同济医院,10.0,擅长：呼吸道过敏性疾病（过敏性哮喘，过敏性鼻炎，过敏性...,未开通
沈子妍,主治医师,肾病科,复旦大学附属中山医院,10.0,擅长：痛风与高尿酸肾病,未开通
陆浩,副主任医师,心内科,复旦大学附属中山医院,9.9,擅长：冠心病的介入治疗，尤其是复杂冠脉病变，如慢性闭塞...,暂无排班
李连喜,主任医师,内分泌代谢科,上海市第六人民医院,10.0,擅长：肥胖、糖尿病及其并发症、甲亢、甲减、甲状腺炎、甲...,未开通
黄东,副主任医师,心内科,复旦大学附属中山医院,9.8,擅长：冠心病的介入治疗、心血管疾病的诊断和治疗,未开通
汤荟冬,主任医师,门诊神内,上海交通大学医学院附属瑞金医院,9.8,擅长：记忆力减退、癫痫,未开通
张玉洁,主治医师,消化内科,西京医院,10.0,擅长：专注炎症性肠病（溃疡性结肠炎、克罗恩病）的诊治。,￥100
田磊,主任医师,心内科,首都医科大学附属北京安贞医院,9.9,擅长：冠心病介入治疗。冠心病、急性心梗，冠心病合并糖尿...,￥300
姜珊,主治医师,老年医学科,北京协和医院,,擅长：老年常见慢病的诊治，常见老年综合征的管理，如营养...,暂无排班
石亮亮,副主任医师,消化内科,南京鼓楼医院,10.0,擅长：常见消化道疾病的诊断治疗，胃食管反流病，反流性食...,未开通
赖荣陶,副主任医师,门诊感染病,上海交通大学医学院附属瑞金医院,10.0,擅长：药物性肝损伤、各类病毒性肝炎、脂肪肝等,未开通
赵军,主任医师,内分泌科(普),华中科技大学同济医学院附属协和医院,9.9,擅长：泌尿系肿瘤、肾囊肿去顶、肾上腺肿瘤切除、肾上腺切...,暂无排班
高路,副主任医师,心血管内科(河医院区),郑州大学第一附属医院,10.0,擅长：郑州大学第一附属医院心血管内科(河医院区)副主任...,未开通
李爱新,主任医师,感染科,首都医科大学附属北京佑安医院,10.0,擅长：艾滋病抗病毒治疗、艾滋病机会性感染、HIV暴露后...,暂无排班
刘艳,副主任医师,遗传性神经肌肉病,华中科技大学同济医学院附属同济医院,9.9,擅长：儿科神经系统疾病如儿童脑发育迟缓、脑性瘫痪、儿童...,暂无排班
刘向阳,副主任医师,内分泌科,西京医院,10.0,擅长：糖尿病、肥胖症、痛风、高尿酸血症及相关并发症的诊...,￥300
贺德志,主任医师,消化内科(河医院区),郑州大学第一附属医院,10.0,擅长：食管癌、胃癌、结肠癌、肝癌等消化道肿瘤的诊疗，对...,￥100
孔朝红,副主任医师,神经内科,武汉大学人民医院,10.0,擅长：癫痫，睡眠障碍，神经心理，脑血管病。擅长神经电生...,￥99
李谦,副主任医师,感染发热,复旦大学附属华山医院,9.8,擅长：发热待查、疑难感染性疾病以及慢性肝病的鉴别诊断与...,未开通
杨珍,副主任医师,过敏免疫科,上海儿童医学中心,9.9,擅长：对小儿常见疾病、及小儿内科、小儿过敏免疫等疾病的...,未开通
刘婷,住院医师,呼吸内科,四川大学华西医院,9.9,擅长：呼吸科相关疾病,￥50
苏欣,主任医师,内分泌科门诊,中南大学湘雅二医院,9.9,擅长：糖尿病、肾上腺疾病、甲状腺疾病、性腺及垂体疾病、...,未开通
于浩泳,主任医师,内分泌代谢科,上海市第六人民医院,9.8,擅长：内分泌常见病、少见内分泌疾病诊治及糖尿病手术治疗...,暂无排班
王苓,副主任医师,门诊血液,上海交通大学医学院附属瑞金医院,9.9,擅长：造血干细胞移植，各种常见血液疾病,未开通
全俊,主任医师,感染病科,中南大学湘雅医院,9.8,擅长：乙肝，丙肝及各种肝硬化，不明原因肝功能异常，脂...,暂无排班
缪连生,副主任医师,消化内科,甘肃省第二人民医院,10.0,擅长：从事消化及消化内镜30余年。在消化及消化内镜下各...,￥38
曹桂花,副主任医师,老年病内科,西京医院,9.9,擅长：老年冠心病、心衰、高血压、糖尿病、肺部相关疾病、...,￥98
马晓蕾,副主任医师,风湿免疫科,南京鼓楼医院,9.9,擅长：类风湿关节炎、强直性脊柱炎、系统性红斑狼疮、干燥...,未开通
陈波,副主任医师,心血管内科,郑州大学附属郑州中心医院,10.0,擅长：高血压、晕厥、冠心病心绞痛、心肌梗死、心律失常、...,￥199
刘玉建,主治医师,心血管内科,华中科技大学同济医学院附属同济医院,10.0,擅长：从事心脏病诊治工作。医学博士。自参加工作以来一直...,未开通
严志聪,主治医师,神经科,中山大学附属第一医院,10.0,擅长：头晕、各种头痛及脑血管疾病，失眠等多发病，常见病,未开通
洪墨纳,主治医师,门诊高血压,上海交通大学医学院附属瑞金医院,10.0,擅长：高血压病因筛查、诊断及治疗；高血压优化治疗。,未开通
张文俐,主治医师,心血管内科,上海交通大学医学院附属瑞金医院,10.0,擅长：心血管常见病，冠心病、心梗、先天性心脏病、心力衰...,未开通
宋淑萍,主任医师,内分泌科,天津医院,10.0,擅长：糖尿病，甲状腺疾病，痛风，慢病管理常见内科疾病,￥60
颜炳柱,主任医师,感染病科,哈尔滨医科大学附属第二医院,10.0,擅长：各种肝病；艾滋病的阻断与暴露；狂犬病的阻断与暴露...,￥100
石治宇,主治医师,心血管内科诊室,哈尔滨医科大学附属第一医院,10.0,擅长：心血管内科诊室类常见疾病,未开通
关熠,主治医师,肾内科,复旦大学附属华山医院,10.0,擅长：肾内科常见疾病,￥199
王成美,副主任医师,血液内科,枣庄市立医院,10.0,擅长：各种贫血、急慢性白血病及多发性骨髓瘤诊断与治疗、...,￥30
刘士莹,主任医师,干部保健科,天津医科大学总医院,,擅长：内分泌，尤其是老年糖尿病，呼吸，感染，心血管疾病...,暂无排班
卢新政,主任医师,二院心血管科门诊,江苏省人民医院,10.0,擅长：各类心脏病的诊治，尤其是高血压病、冠心病、高血脂...,￥300
吴亚哲,主任医师,心内科,中国医学科学院阜外医院,9.9,擅长：心血管疾病，各种高血压、难治性高血压和继发性高血...,未开通
权薇薇,副主任医师,门诊心脏,上海交通大学医学院附属瑞金医院,10.0,擅长：冠心病、高血压病、心律失常、心力衰竭、心肌病、高...,未开通
刘海娜,副主任医师,风湿科,中国医科大学附属第一医院,10.0,擅长：类风湿关节炎、系统性红斑狼疮,暂无排班
王晶,主治医师,内科,山东省立第三医院,10.0,擅长：有丰富的临床经验，擅长内科常见病、多发病的诊疗。,￥100
余献平,副主任医师,肾脏病,浙江大学医学院附属第一医院,9.9,擅长：各种原发和继发慢性肾小球肾炎（IgA肾病、膜性肾...,￥60
吴双,住院医师,心内科,中国医学科学院阜外医院,10.0,擅长：冠心病、急性心肌梗死、心房颤动、心律失常、心力衰...,￥120
高杰,副主任医师,感染病科,哈尔滨医科大学附属第二医院,10.0,擅长：慢性乙肝、丙肝、肝硬化腹水、肝癌、感染性发热、败...,未开通
王俊,副主任医师,心内科(专家),上海交通大学附属第一人民医院松江南院,10.0,擅长：冠心病、高血压、代谢综合症、心力衰竭、心律失常等...,￥100
李成支,主治医师,呼吸内科,西安市红会医院,10.0,擅长：上呼吸道疾病，感冒，流行性感冒，咽炎，喉炎，咽喉...,￥39
孙静媛,主任医师,肝病中心,北京地坛医院,10.0,擅长：各类传染病，肝病。,未开通
徐庆年,主任医师,感染科,上海市公共卫生临床中心金山总部,10.0,擅长：新型冠状病毒感染，慢性病毒性肝炎（乙型，丙型），...,￥200
蒋叔星,副主任医师,心血管内科,三明市第一医院,10.0,擅长：高血压、高脂血症、冠心病、心律失常、糖尿病、高尿...,￥48
郭艳茹,主治医师,内科,辽宁医学院附属第三医院,10.0,擅长：常见内科相关疾病,￥49
刚毅,主治医师,传染科,唐都医院,10.0,擅长：病毒性肝炎、肝脏占位性病变/肿瘤、发热、艾滋病的...,暂无排班
邵菲菲,主治医师,内分泌糖尿病科,甘肃省人民医院,10.0,擅长：糖尿病、甲亢、甲减、甲状腺结节、库欣综合征、矮小...,暂无排班
顾晓萌,副主任医师,消化内科,山东大学齐鲁医院,10.0,擅长：激光共聚焦内镜、胶囊内镜诊断治疗技术,暂无排班
王晓琴,主任医师,呼吸内科,淮北市人民医院,10.0,擅长：高血压，高脂血症，高尿酸血症，冠心病，扩张性心肌...,暂无排班
张家利,主任医师,心内科,北京积水潭医院回龙观院区,,擅长：冠心病、心肌梗死、高血压病、心力衰竭、心律紊乱、...,未开通
董增胜,主治医师,内科,日照市中医医院,10.0,擅长：内科类常见疾病，中医内科妇科男科疾病，如冠心病，...,暂无排班
孙为豪,主任医师,老年消化内科门诊,江苏省人民医院,9.8,擅长：消化内科各种疾病的诊治，尤其慢性胃炎的合理用药，...,￥150
邵凌云,主任医师,感染发热,复旦大学附属华山医院,9.7,擅长：专长发热待查、中枢神经系统感染、泌尿系统感染、E...,未开通
秦胜梅,副主任医师,心内科,复旦大学附属中山医院,9.9,擅长：快速和缓慢心律失常诊治，起搏器植入和随访，心衰的...,未开通
付建芳,副主任医师,内分泌科,西京医院,10.0,擅长：糖尿病及其并发症。内分泌高血压甲状腺疾病痛风生长...,未开通
徐臣年,主治医师,心脏内科,西京医院,10.0,擅长：心脏瓣膜病、先天性心脏病、主动脉夹层动脉瘤，主动...,￥50
李同斌,主治医师,心脏内科,西京医院,9.9,擅长：先天性心脏病的诊断及介入封堵治疗，肺动脉高压的诊...,未开通
张丽,主治医师,内科,山东省立第三医院,10.0,擅长：甲状腺疾病，糖尿病，高尿酸血症(痛风)，高脂血症...,￥100
王萍,副主任医师,风湿免疫科,大连市友谊医院,10.0,擅长：痛风性关节炎、类风湿性关节炎、红斑狼疮、骨质增生...,￥30
关婧,副主任医师,心血管内科,丽水微医互联网医院,10.0,擅长：心血管内科常见疾病的诊治，如冠心病、高血压的药物...,暂无排班
何军衡,主治医师,消化内科,甘肃省第二人民医院,10.0,擅长：消化系统疾病，特别是消化道疑难危重的抢救消化道...,￥50
李贲,副主任医师,肝病中心,北京地坛医院,10.0,擅长：新型冠状病毒感染，乙肝、丙肝抗病毒治疗，乙肝母婴...,未开通
姚园,副主任医师,心血管内科,武汉大学人民医院,10.0,擅长：.心血管内科等相关疾病的治疗,未开通
贺慧鹏,副主任医师,消化内科,中南大学湘雅医学院附属株洲医院,10.0,擅长：对消化内科疾病和内镜下疾病的诊治方面有特长。慢性...,￥80
沈春玲,副主任医师,普通内科,宁波市医疗中心李惠利医院,10.0,擅长：内科各种常见病、多发病的诊治，尤其在糖尿病、高血...,￥40
张爱森,副主任医师,老年内分泌科门诊,江苏省人民医院,10.0,擅长：内分泌科常见疾病的诊断与治疗，包括骨质疏松，甲状...,未开通
任冬梅,副主任医师,内分泌科,中国人民解放军联勤保障部队第九六〇医院,10.0,擅长：糖尿病，甲亢甲减，高血脂，高血压，冠心病，脑梗塞...,暂无排班
吴海武,主任医师,消化内科,赣州市人民医院,10.0,擅长：对消化内科专业的疾病的治疗，尤其是老年性消化性疾...,￥888
钱智勇,副主任医师,心血管内科,江苏省人民医院,,擅长：心脏起搏与射频消融,未开通
汪鹏,主治医师,内科,铜陵市立医院,10.0,擅长：急性化脓性扁桃腺炎、肥胖合并脂肪肝、支气管炎、过...,暂无排班
周琦,副主任医师,消化肠病专科,华中科技大学同济医学院附属同济医院,10.0,擅长：慢性萎缩性胃炎等癌前病变、内镜下消化道早期肿瘤的...,暂无排班
杨铁生,主任医师,风湿免疫科,北京大学人民医院,9.8,擅长：风湿性疾病包括类风湿关节炎、干燥综合征、系统性红...,￥500
段明辉,主任医师,血液内科,北京协和医院,10.0,擅长：白血病慢性淋巴细胞白血病，淋巴瘤贫血干细胞...,暂无排班
黄安斌,主任医师,风湿科,华中科技大学同济医学院附属协和医院,9.8,擅长：风湿性疾病、风湿性关节炎、自身免疫性疾病、系统性...,￥600
方跃华,主任医师,门诊心脏,上海交通大学医学院附属瑞金医院,10.0,擅长：心衰心肌病、心脏瓣膜病、肿瘤治疗后心脏损伤的诊治,￥800
施均,主任医师,血液内科,中国医学科学院血液病医院（血液学研究所）,9.9,擅长：主要研究再生障碍性贫血、骨髓增生异常综合征诊断与...,￥500
李红,主治医师,消化内科,西京医院,9.8,擅长：消化不良，反酸，打嗝，烧心，病毒性肝炎，乙肝，丙...,未开通
徐迎阳,住院医师,变态反应科,北京协和医院,10.0,擅长：过敏性鼻炎，哮喘，荨麻疹，湿疹，接触性皮炎。,暂无排班
周宁,副主任医师,消化内科,浙江大学医学院附属第一医院,9.9,擅长：胃食管反流病、消化性溃疡、胃炎、消化道出血、消化...,￥280
陈苗,副主任医师,血液内科,北京协和医院,10.0,擅长：再生障碍性贫血、骨髓增生异常综合征、溶血性贫血、...,未开通
陈伟光,副主任医师,消化内科,北京协和医院,9.9,擅长：胃食管反流病、反流性食管炎、胃肠功能性疾病（如肠...,未开通
徐昶,副主任医师,心血管内科,华中科技大学同济医学院附属同济医院,10.0,擅长：冠心病、主动脉夹层及外周动脉血管疾病的诊断和介...,未开通
赵鸿琛,主治医师,神经内科,复旦大学附属华山医院,9.9,擅长：每周二上午开设“颈动脉/脑动脉狭窄专病门诊”，该...,未开通
张琪,主任医师,神经内科,天津市静海区医院,10.0,擅长：脑血管病、神经肌肉病、神经退行性疾病、神经内科等...,￥200
冯高科,副主任医师,心血管内科,武汉大学人民医院,9.9,擅长：疾病诊治擅长：高血压病、冠心病、心衰、心律失常、...,￥79
刘召军,主治医师,呼吸与危重症医学科,上海交通大学医学院附属瑞金医院,10.0,擅长：重症医学科的相关疾病，如多脏器衰竭、急性重症胰腺...,暂无排班
裴颖皓,主治医师,普内科(高级50）,江苏省中医院,10.0,擅长：新冠后遗症，失眠，疲劳，乏力，慢性咳嗽等中医药调...,￥100
孙达龙,副主任医师,消化科,复旦大学附属中山医院,9.9,擅长：擅长消化系统相关疾病的规范化诊疗，尤其是各种病因...,￥200
庄严,主治医师,传染科,唐都医院,10.0,擅长：乙肝、丙肝、肝硬化及各种不明原因肝炎、黄疸等，以...,￥50
单敏,主治医师,神经内科,泰安市中心医院,10.0,擅长：脑血管病、脑梗死、脑血栓形成、脑出血、蛛网膜下腔...,￥50
严绍南,副主任医师,呼吸科,浙江省立同德医院,10.0,擅长：肺部感染性疾病，肺结节的鉴别诊断，慢性阻塞性肺疾...,暂无排班
张有志,副主任医师,呼吸科,复旦大学附属华山医院,10.0,擅长：慢性咳嗽的诊断和治疗；肺部结节的良恶性鉴别；肺癌...,暂无排班
杨松,副主任医师,内分泌二科,泰安市中心医院,10.0,擅长：糖尿病及其急、慢性并发症、下丘脑垂体疾病、甲状腺...,￥50
叶蕾,副主任医师,血液内科,中国医学科学院血液病医院（血液学研究所）,10.0,擅长：血液系统疾病诊治，尤其是红细胞疾病：再生障碍性贫...,￥200
窦爱霞,主任医师,血液内科,山东大学第二医院,10.0,擅长：白血病、淋巴瘤、骨髓瘤等血液肿瘤的诊断与治疗，针...,暂无排班
李福刚,副主任医师,神经内科,天津市静海区医院,10.0,擅长：脑血管病（脑出血、脑梗死、静脉窦血栓形成、蛛网膜...,￥129
程琤,主治医师,内科,山东省立第三医院,10.0,擅长：内科常见病的诊疗，尤其消化系统常见病，食管、胃肠...,￥100
刘盼,主治医师,心血管内一科,威海市妇幼保健院,10.0,擅长：内科常见病、多发病如冠心病、高血压、糖尿病、...,￥80
曾芳芳,主治医师,内分泌科,复旦大学附属华山医院,10.0,擅长：甲状腺疾病(甲减、甲亢、甲状腺结节、甲状腺炎等)...,暂无排班
李孝锋,主治医师,传染科,唐都医院,10.0,擅长：病毒性肝炎、肝炎肝硬化、自身免疫性肝病、非酒精性...,暂无排班
郝志民,主治医师,感染性疾病科,菏泽市中医医院,10.0,擅长：治疗小儿疱疹性咽峡炎、感冒、咳嗽、发热、急慢性肝...,￥68
黄嵘,主任医师,神经内科,南京鼓楼医院,9.9,擅长：脑血管病、帕金森病、神经及肌肉病、神经遗传病的诊...,暂无排班
刘兵城,主任医师,血液内科,中国医学科学院血液病医院（血液学研究所）,9.9,擅长：血液病的诊治，包括血液恶性疾病、骨髓增殖性肿瘤、...,￥500
程斌,主任医师,消化内科,华中科技大学同济医学院附属同济医院,9.8,擅长：各种肝病（脂肪肝、肝硬化与肝癌）、胰腺疾病与功能...,暂无排班
黄岩,副主任医师,心内科,中国医学科学院阜外医院,10.0,擅长：善于中西医结合治疗风湿性心脏病，心律失常，心肌病...,未开通
骆翔,主任医师,神经内科,华中科技大学同济医学院附属同济医院,9.7,擅长：脑血管疾病(特别是缺血性脑血管病的介入诊断和治疗...,暂无排班
邵英起,主任医师,血液内科,中国医学科学院血液病医院（血液学研究所）,10.0,擅长：长期从事贫血性疾病诊疗工作，对伴有贫血的各种血液...,￥300
段力平,主任医师,风湿免疫科(内科新冠门诊),中南大学湘雅医院,9.3,擅长：风湿免疫科相关疾病,未开通
张璐,副主任医师,血液科专家,华中科技大学同济医学院附属协和医院,10.0,擅长：血液科贫血和淋巴瘤等相关疾病的治疗,未开通
钱卫冲,主任医师,二院心血管科门诊,江苏省人民医院,9.9,擅长：对高血压病、血脂异常、冠心病心绞痛心肌梗塞、心律...,未开通
郭保静,副主任医师,心内科,首都医科大学附属北京安贞医院,9.9,擅长：小儿心律失常诊治、射频消融；先天性心脏病的介入治...,暂无排班
赵刚,副主任医师,心内科,复旦大学附属中山医院,10.0,擅长：冠心病的介入治疗，善于应用IVUS、FFR、OC...,未开通
朱争凤,副主任医师,心血管内科,华中科技大学同济医学院附属协和医院,9.9,擅长：心血管内科常见疾病诊断与治疗。,￥100
李群,副主任医师,肾脏病,浙江大学医学院附属第一医院,10.0,擅长：慢性肾小球肾炎、IgA肾病、狼疮性肾炎、慢性肾功...,￥120
孙虹,副主任医师,神经内科,首都医科大学宣武医院,9.8,擅长：帕金森病、青年帕金森病、各种帕金森综合征（包括进...,￥500
许莉军,副主任医师,内分泌与代谢病科门诊,郑州大学第一附属医院,10.0,擅长：糖尿病及其急慢性并发症（糖尿病肾病、糖尿病周围神...,未开通
李东杰,副主任医师,老年医学科,中南大学湘雅医院,10.0,擅长：前列腺疾病，阳痿早泄，更年期综合征，不育,￥600
朱彤莹,主任医师,肾内科,复旦大学附属华山医院,8.7,擅长：腹膜透析及其并发症的诊治；各种原发及继发性肾小球...,￥200
蒋玲,主任医师,内分泌科,山东大学齐鲁医院,10.0,擅长：糖尿病及并发症、骨质疏松症、甲状腺疾病、生长发育...,暂无排班
温顺祝,主治医师,血液内科,成都市第一人民医院,10.0,擅长：内科常见疾病，如感冒，高血压，糖尿病等，血液内科...,暂无排班
颜承尧,副主任医师,内科,滕州市中医医院,10.0,擅长：从事内科临床工作30余年，临床经验丰富，擅长内科...,暂无排班
关媛媛,主治医师,过敏反应诊室,哈尔滨医科大学附属第一医院,10.0,擅长：过敏性鼻炎，过敏性哮喘，荨麻疹，湿疹，接触性皮炎...,未开通
陈伟贤,主任医师,神经内科门诊,江苏省人民医院,9.9,擅长：脑血管病，神经系统变性病，神经系统感染性疾病及周...,￥200
张静,主任医师,血液内科,中国医学科学院血液病医院（血液学研究所）,9.9,擅长：多年从事关于再生障碍性、溶血性贫血、骨髓增生异常...,￥200
吴媛媛,副主任医师,过敏反应科,华中科技大学同济医学院附属同济医院,9.8,擅长：产前遗传咨询及产前诊断、复发性流产、高危妊娠的临...,暂无排班
胡嘉禄,主治医师,心内科,复旦大学附属中山医院,9.7,擅长：擅长各类心血管疾病（高血压、冠心病、高血脂、房颤...,未开通
卢放根,主任医师,消化内科门诊,中南大学湘雅二医院,10.0,擅长：消化系统疾病诊治，尤其是肝硬化失代偿期和炎性肠病...,暂无排班
许建忠,主任医师,门诊高血压,上海交通大学医学院附属瑞金医院,9.8,擅长：难治性高血压诊治，肾神经消融治疗高血压，继发性高...,￥300
黄晨,主任医师,肾病内科,西京医院,10.0,擅长：危重肾脏病的救治和血液净化治疗，尤其是老年肾脏疾...,未开通
沈捷,主任医师,心血管专科,上海儿童医学中心,9.9,擅长：先天性心脏病的介入治疗以及心律失常、川崎病、肺动...,未开通
张朝香,主任医师,心内科,首都医科大学附属北京安贞医院,10.0,擅长：冠心病、心律失常、心肌炎、心肌病、心力衰竭、高血...,￥200
张家源,副主任医师,血液内科,中国医学科学院血液病医院（血液学研究所）,9.3,擅长：白血病，淋巴癌，多发性骨髓瘤，再生障碍性贫血，免...,￥100
陈芳,主任医师,呼吸与危重症医学科,宁夏医科大学总医院,10.0,擅长：支气管哮喘、肺癌、COPD、肺栓塞、肺部感染等诊...,暂无排班
任昊,主任医师,肾病中心,南方医科大学南方医院,10.0,擅长：各类风湿性疾病的诊治(包括系统性红斑狼疮、类风湿...,未开通
苏冠华,副主任医师,心血管内科,华中科技大学同济医学院附属协和医院,9.9,擅长：冠心病、高血压、心肌病、心力衰竭、血脂异常、心律...,未开通
周红梅,主任医师,冠心病/大血管,武汉亚洲心脏病医院,9.9,擅长：各类简单、复杂先天性心脏病的诊断、评估及治疗方案...,未开通
龚建,住院医师,消化内科门诊,中南大学湘雅二医院,9.9,擅长：本人在湘雅二医院从事消化内科工作，擅长胃炎，肠炎...,￥40
李正良,主任医师,消化内科,西安交通大学第一附属医院,9.9,擅长：消化内科疾病与感染性疾病的诊断与治疗;特别是对各...,￥50
辛海光,副主任医师,门诊感染病,上海交通大学医学院附属瑞金医院,10.0,擅长：肝硬化肝衰竭诊治、肝脏肿瘤诊断评估及综合治疗,未开通
吴鹏波,主治医师,消化内科,武汉大学人民医院,10.0,擅长：武汉金银潭支援新冠三个月，擅长胃炎(腹痛)，消化...,￥150
张敏敏,主任医师,肾内科,复旦大学附属华山医院,9.8,擅长：各类急慢性肾病，糖尿病肾病，慢性肾功能衰竭及尿毒...,未开通
曹金霞,主任医师,神经内科,连云港市第二人民医院东院,10.0,擅长：头痛，头晕，脑卒中，失眠，焦虑，抑郁及各种躯...,￥60
邵耘,主任医师,老年消化内科门诊,江苏省人民医院,10.0,擅长：擅长胃食管反流病、慢性胃炎、幽门螺杆菌感染、消化...,￥200
高旭光,主任医师,神经内科,北京大学人民医院,9.9,擅长：成人神经内科疾病：脑血管病、癫痫、头痛等，神经内...,￥150
刘宏磊,副主任医师,门诊风湿免疫,上海交通大学医学院附属瑞金医院,10.0,擅长：抗磷脂综合症(相关习惯性流产、胎停及多发血栓)...,￥189
冯思玮,主治医师,呼吸科,华中科技大学同济医学院附属协和医院,10.0,擅长：肺炎，肺结节，肺结核，肺气肿，肺大泡，肺癌，支气...,未开通
张清芬,主任医师,心血管内科,河北省人民医院,10.0,擅长：高血压、冠心病、心衰心律失常心血管神经症,暂无排班
官振标,副主任医师,呼吸内科,上海长海医院,10.0,擅长：肺部良恶性肿瘤的诊断及规范化治疗，慢阻肺、支气管...,￥300
袁晓勇,副主任医师,内分泌内科,北京大学第一医院,10.0,擅长：减重饮食和药物，糖尿病，糖尿病高危足筛查，甲状腺...,暂无排班
陈立颖,主任医师,心内科,首都医科大学附属北京安贞医院,10.0,擅长：冠心病、高血压临床治疗；心血管重症疾病的临床诊断...,暂无排班
王君化,副主任医师,消化内科,西安市人民医院（西安市第四医院）,10.0,擅长：消化系统肿瘤，胃溃疡，反流性疾病，各种肝病、胰腺...,￥60
陈希婧,副主任医师,生殖高年专家,浙江大学医学院附属妇产科医院,10.0,"擅长：女性不孕症、妇科内分泌疾病诊治及辅助生育,熟练掌...",未开通
费朝霞,主任医师,内分泌科,青岛市海慈医疗集团,9.9,擅长：内分泌糖尿病等代谢性疾病的临床诊治和各种内科急症...,￥100
白玉焕,副主任医师,消化内科,聊城市第二人民医院,10.0,擅长：消化内科常见疾病及疑难杂症的诊断及治疗，肝病及肠...,￥50
卢联合,主任医师,感染科,北京地坛医院,10.0,擅长：各种肝病，艾滋病，感染性疾病。,未开通
刘春生,主任医师,内科,石家庄市人民医院,10.0,擅长：从医30余年，擅长心血管疾病如冠心病，心绞痛，心...,￥100
任丽媛,副主任医师,内分泌科,大连市友谊医院,10.0,擅长：糖尿病饮食运动指导、糖尿病血糖精细调节、胰岛素泵...,￥50
郭元虎,主任医师,消化内科,包头医学院第一附属医院,10.0,擅长：消化系统疾病（消化道和肝胆胰）常见病多发病及疑难...,未开通
邵暄茗,主治医师,呼吸内科,大连市中西医结合医院,10.0,"擅长：呼吸内科疾病的诊治,尤其是慢阻肺、哮喘、肺癌",暂无排班
段淑荣,主任医师,神经内科诊室,哈尔滨医科大学附属第一医院,10.0,擅长：脑血管疾病（脑出血、肺梗塞、血管性痴呆、静脉窦血...,未开通
张萌萌,住院医师,感染病科,哈尔滨医科大学附属第二医院,10.0,擅长：感染类相关疾病,未开通
张楠,主任医师,神经内科,天津医科大学总医院,10.0,擅长：老年期痴呆和认知障碍，阿尔茨海默病，血管性痴呆，...,未开通
杨俊峰,副主任医师,神经内科,天津医科大学总医院,10.0,擅长：天津医科大学总医院神经内科主治医师，擅长帕金森病...,￥100
张凡凡,主治医师,心血管内科,泰安市中心医院,10.0,擅长：疑难心电图及起搏器心电图分析，高血压及冠心病治疗...,￥30
孙大朋,主治医师,呼吸内科,威海市妇幼保健院,10.0,擅长：呼吸系统常见病、多发病的诊治，尤其擅长冠状病毒肺...,￥50
周城林,主治中医师,神经内科,利川市民族中医院,10.0,擅长：中西医结合治疗神经系统疾病，如脑血管病（脑梗死、...,￥38
朱吉安,主治医师,心血管病科,泰安市中医医院,10.0,擅长：中西医结合治疗心血管系统常见病、多发病，如冠心病...,￥20
刁鸿英,主任医师,心血管内科,吉林大学第二医院,10.0,擅长：冠心病(心绞痛、心肌梗死)、高血压、心律失常、心...,暂无排班
褚鹤龄,副主任医师,神经内科,上海市第六人民医院,10.0,擅长：各种不明原因的头晕、眩晕，脑梗死、脑出血、静脉窦...,暂无排班
王晶,主治医师,风湿免疫科,中国人民解放军联勤保障部队第962医院,10.0,擅长：风湿免疫科类相关疾病、中医中药治疗消化、心脏、泌...,￥39
韩锐,副主任医师,呼吸内科,合肥市第一人民医院,10.0,擅长：呼吸系统疾病，包括肺部肿瘤，感染、呼吸危重症、慢...,￥100
何云,主治医师,消化内分泌科,随州市中心医院,10.0,擅长：常见消化内科相关疾病，比如反流性食管炎，胃炎，胃...,暂无排班
李静,主任医师,老年综合内科二,哈尔滨医科大学附属第二医院,10.0,擅长：老年心脑血管病，高血压，老年糖尿病，骨质疏松，认...,暂无排班
廖彬,副主任医师,呼吸科,九江市第一人民医院,10.0,擅长：感染性疾病特别是肺部感染的诊治，慢阻肺、呼吸衰竭...,￥39
刘宜平,主治医师,内科,宜昌优抚医院,10.0,擅长：常见内科相关疾病,￥20
王琳,副主任医师,血液科,山东大学齐鲁医院,,擅长：对各种临床常见、疑难血液病具有较高的诊疗水平，特...,暂无排班
李善群,主任医师,呼吸内科,复旦大学附属中山医院,9.4,擅长：1、慢阻肺康复及鼾症的诊治；2、气管支气管炎、肺...,￥800
俞小芳,主任医师,肾病科,复旦大学附属中山医院,9.9,擅长：血尿，蛋白尿，慢性肾小球肾炎，尤其是模性肾病，遗...,￥1000
杨友,副主任医师,行为障碍,上海儿童医学中心,9.9,擅长：儿童孤独症谱系障碍、注意缺陷多动障碍、抽动障碍、...,￥480
刘波,主任医师,消化肿瘤内科,山东省肿瘤医院,10.0,擅长：常见肿瘤的化疗、靶向治疗、内分泌治疗、姑息治疗等...,￥30
张勇,副主任医师,呼吸内科,复旦大学附属中山医院,9.9,擅长：肺部磨玻璃结节风险预测、疑难肺结节的鉴别诊断、肺...,￥1000
柏愚,副主任医师,消化内科,上海长海医院,9.9,擅长：胃、结肠、胰腺、胆道疾病的内镜诊断与治疗，包括胃...,￥999
崔国惠,主任医师,血液科专家,华中科技大学同济医学院附属协和医院,10.0,擅长：白血病、淋巴瘤、造血干细胞移植,暂无排班
程姝娟,主任医师,心内科,首都医科大学附属北京安贞医院,10.0,擅长：冠心病，血管闭塞，心肌梗死、动脉粥样硬化、心律失...,￥500
贾卫国,副主任医师,心脏内科,四川大学华西医院,10.0,擅长：合并糖尿病、甲亢等内分泌疾患的心血管病的诊治。,暂无排班
杨军,副主任医师,神经内科,中国医科大学附属第一医院,10.0,擅长：急性脑血管病诊断治疗,￥50
刘志敏,主任医师,心内科,中国医学科学院阜外医院,9.8,擅长：起搏器，ICD，CRT/CRTD植入及随访，心律...,￥500
王薇,副主任医师,感染科,上海儿童医学中心,9.7,擅长：肺炎，哮喘，慢性咳嗽，EB病毒等其它感染性疾病,￥500
刘尚勤,主任医师,血液科,武汉大学中南医院,10.0,擅长：多发性骨髓瘤、骨髓增生异常综合征、难治性贫血、慢...,￥50
施育鹏,主治医师,消化内科,西京医院,9.6,擅长：长期从事消化系统疾病诊治的临床工作，主要方向是胃...,￥60
程敏,副主任医师,心血管内科,华中科技大学同济医学院附属协和医院,10.0,擅长：特殊时期：愿意为新老病友免费提供发热疾病的初步诊...,未开通
姜敏,主任医师,消化内科,中国医科大学附属第一医院,9.9,擅长：食管、胃、肠道、肝、胆、胰腺以及腹腔常见病、多发...,￥100
吕晓毅,副主任医师,血液科,中国医科大学附属第一医院,10.0,擅长：常见、疑难和罕见血液疾病常见血液病：如再生障碍...,￥100
黄洪锋,主任医师,肾脏病中心门诊,浙江大学医学院附属第一医院,10.0,擅长：肾移植,未开通
苌新明,主任医师,消化内科,西安交通大学第一附属医院,9.8,擅长：各种急、慢性胃炎、胃溃疡、十二指肠溃疡、幽门螺杆...,￥80
谭来勋,主任医师,神经内科,武汉大学人民医院,10.0,擅长：诊治各种神经系统疑难病症；主治各种原因所致失眠，...,￥300
梁彦,副主任医师,内科,天津和平微医医院,10.0,擅长：治疗肺癌的化疗及治疗,未开通
樊慧慧,主治医师,贫血科,中国医学科学院血液病医院（血液学研究所）,10.0,擅长：再生障碍性贫血，溶血性贫血，骨髓增生异常综合征等...,￥100
张林杉,主治医师,内分泌科,复旦大学附属中山医院,10.0,擅长： 糖尿病、高血脂、高尿酸血症、肥胖、非酒精性脂肪...,未开通
高玉霞,主任医师,心脏内科,天津医科大学总医院,10.0,擅长：疑难心血管疾病的诊疗，尤其是高血压、心力衰竭、冠...,￥90
俞晶,主任医师,消化内科,汕头大学医学院第一附属医院,10.0,擅长：炎症性肠病（溃疡性结肠炎，克罗恩病），食道、胃肠...,￥199
张琴,主任医师,内科,山东省立第三医院,10.0,擅长：急、慢性肾炎；肾病综合征(膜性肾病、IgA肾病等...,￥50
陈芬荣,副主任医师,消化内科,西安交通大学第二附属医院,10.0,擅长：食管、胃、肠及肝胆胰等消化疾病的诊断治疗，熟练掌...,￥50
张佳瑜,主治医师,消化科,上海儿童医学中心,10.0,擅长：小儿消化常见疾病的诊治，包括胃肠炎、消化不良、消...,未开通
苏琳,副主任医师,消化内科,北京大学人民医院,10.0,擅长：1、非病毒性肝病，包括自身免疫性肝病，脂肪肝等诊...,暂无排班
杨苏乔,副主任医师,呼吸与危重症医学科,首都医科大学附属北京朝阳医院,10.0,擅长：甲流，新型冠状病毒肺炎，肺栓塞，肺动脉高压，慢阻...,￥400
刘志杰,主任医师,普内科,山东青岛中西医结合医院,10.0,擅长：中西医结合验方治疗带状疱疹后神经痛，亚健康状态（...,未开通
陈令松,主任医师,血液科,徐州矿务集团总医院,10.0,擅长：对白血病、淋巴瘤及多发性骨髓瘤等血液肿瘤的规范化...,￥50
赵雪燕,主任医师,心内科,中国医学科学院阜外医院,,擅长：冠心病、心力衰竭、高血压病、高脂血症的诊治。冠心...,未开通
汤美,副主任医师,消化内科,常州市第一人民医院,10.0,擅长：常见消化内科疾病：如慢性胃炎、反流性食管炎、消化...,￥40
郭公新,主任医师,消化科,解放军总医院第五医学中心（原307医院）,10.0,擅长：消化内镜下的诊断和治疗、如內镜下止血、息肉的切除...,￥200
朱小明,主治医师,内分泌科,复旦大学附属华山医院,10.0,擅长：血糖的精细化和个体化管理、肥胖症的鉴别诊断和治疗...,￥259
张富花,主任医师,消化内科,甘肃省第二人民医院,10.0,擅长：消化内科疾病，消化心身疾病，失眠，消化不良，消化...,￥100
魏永罡,副主任医师,呼吸科,兰州市第一人民医院,10.0,擅长：对呼吸系统疾病如肺部感染、肺恶性肿瘤、支气管哮喘...,￥50
张强,主治医师,内科,山东省立第三医院,10.0,擅长：擅长临床常见疾病的诊断和治疗，比如消化系统，呼吸...,￥60
盛杰,主治医师,老年医学科,中南大学湘雅医院,10.0,擅长：房颤、心衰、扩张性心肌病、心肌炎、高脂血症、冠心...,未开通
吉炜,主治医师,心血管专科,上海儿童医学中心,10.0,擅长：儿童心脏病：包括房室传导阻滞、阵发性室上...,未开通
姚薇,副主任医师,心内科,天津医科大学总医院,10.0,擅长：高血压、冠心病、心律失常、心力衰竭等心脏科疾病的...,暂无排班
刘金殿,副主任医师,消化肝病科,甘肃省武威肿瘤医院,10.0,擅长：消化内科疾病的诊断与治疗，掌握熟悉消化内镜的基本...,￥100
白然,主任医师,内分泌科,大连医科大学附属第一医院,10.0,擅长：糖尿病及其并发症的诊断、治疗以及甲状腺、肾上腺、...,暂无排班
薛守斌,副主任医师,呼吸科,兰州市第一人民医院,10.0,擅长：慢性阻塞性肺疾病、支气管哮喘、肺部感染性疾病、支...,￥60
王达俭,副主任医师,呼吸内科门诊,景德镇市第一人民医院,10.0,擅长：肺部肿瘤的诊断、化疗、介入及靶向治疗，对于慢性阻...,￥25
魏文迪,主治医师,感染科,泰安市中医医院,10.0,擅长：中西医结合进行病毒性肝炎，乙肝，丙肝，肝硬化，肝...,￥100
张伟,副主任医师,消化科,淮南市第一人民医院,10.0,擅长：消化系统疾病的诊断与治疗消化性溃疡的诊治,未开通
王家旭,主治医师,消化内科,南宁市第一人民医院,10.0,擅长：胃肠镜检查以及胃肠镜下多种疾病的治疗。擅长消化道...,￥50
郝媛媛,主治医师,内科,天津和平微医医院,10.0,擅长：全科常见病多发病的诊断及治疗。擅长心脑血管疾病的...,￥200
李颖,副主任医师,普内科,中国人民解放军联勤保障部队第九六〇医院,9.9,擅长：糖尿病及其各种并发症、甲状腺疾病、肾上腺疾病、垂...,￥68
陈睿,主治医师,老年病内科,西京医院,,擅长：暂无介绍,未开通
曹宏春,副主任医师,消化内科,赤峰市医院,10.0,擅长：消化内科，胃食道反流病，幽门螺杆菌感染，胃炎，肠...,暂无排班
潘妩姗,主治医师,肾内科,开封市中心医院,10.0,擅长：肾脏系统疾病，包括泌尿系感染、各种急性、慢性、急...,￥50
金丽娟,主任医师,心内科（心律失常）,哈尔滨医科大学附属第二医院,10.0,擅长：心内科各疾病的诊断、治疗和防预，冠心病、高血压病...,未开通
张雷,副主任医师,内科,济宁市第四人民医院,10.0,擅长：乙肝、肝炎、肝硬化、高血压、糖尿病等。,暂无排班
江平胤,主治医师,内科,乌镇互联网医院门诊部,10.0,擅长：熟练掌握骨关节损伤、脊柱疾病、神经系统疾病、儿科...,￥60
余炳取,副主任医师,消化内科,浙江中医药大学附属温州中西医结合医院,9.9,擅长：消化科各种疾病，特别是胃食管反流病，慢性便秘，肠...,暂无排班
蒋丽敏,主任医师,内分泌科,北部战区总医院,10.0,擅长：内分泌性疾病：糖尿病、甲状腺疾病、痛风、代谢综合...,未开通
孙鲁生,主治医师,综合内科,秦皇岛市第一医院,10.0,擅长：秦皇岛市第一医院内科主治医师，尤为擅长冠心病的临...,￥50
张炎,副主任医师,血液内科,北京协和医院,9.4,擅长：淋巴瘤，骨髓瘤，白血病，再生障碍性贫血等各种血液...,未开通
张传英,副主任医师,内分泌科,天津市武清区中医医院,10.0,擅长：糖尿病，糖尿病周围神经病变，糖尿病肾病，糖尿病视...,￥30
王卓群,主治医师,心内科,天津医科大学总医院,10.0,擅长：心内科相关疾病,暂无排班
崔燕平,副主任医师,感染科,聊城市人民医院,10.0,擅长：各类病毒性、酒精性、药物性等肝炎、肝硬化、肝癌。...,暂无排班
林粤龙,主治医师,消化内科,阳春市人民医院,10.0,擅长：消化内科、呼吸内科、心脑血管科、内分泌及传染疾病...,暂无排班
郝玉明,主任医师,心血管内科,河北医科大学第二医院,10.0,擅长：心血管疾病的诊断和治疗,暂无排班
韩保林,主治医师,呼吸内科,长沙市第九医院,10.0,擅长：常见急慢性病，呼吸系统如老慢支、哮喘、慢阻肺等，...,暂无排班
车明文,主治医师,感染科,中国人民解放军新疆军区总医院,10.0,擅长：乙肝，结核等传染性疾病的治疗,未开通
李六生,主任医师,肾内科,宜昌市第一人民医院,9.9,擅长：慢性肾功能衰竭、狼疮肾炎、原发性肾病综合征、...,暂无排班
石建邦,副主任医师,呼吸科,九江市第一人民医院,10.0,擅长：呼吸内科常见疾病,未开通
王征,副主任医师,老年病内科,北京大学第三医院,10.0,擅长：老年医学、老年综合评估、老年心血管病及结构性心脏...,暂无排班
周立,主治医师,心内科,上海交通大学附属胸科医院,,擅长：快速性和缓慢性心律失常,暂无排班
曹文杰,副主任医师,神经内科,复旦大学附属华山医院,9.9,擅长：主要擅长脑中风的诊断与治疗，脑血管病介入治疗，颈...,暂无排班
顾宇彤,主任医师,呼吸内科,复旦大学附属中山医院,9.7,擅长：肺部疑难疾病诊断，慢性阻塞性肺病、哮喘、咳嗽、肺...,￥500
张鹏,主任医师,肾病内科,西京医院,10.0,擅长：IgA肾病、肾病综合征、膜性肾病、紫癜性肾炎、...,暂无排班
蒋进军,主任医师,呼吸内科,复旦大学附属中山医院,9.7,擅长：各种原因导致的肺栓塞、肺高压、肿瘤相关性肺炎、重...,￥800
欧阳铭,副主任医师,呼吸科门诊,广州医科大学附属第一医院,9.9,擅长：支气管哮喘、慢性支气管炎、呼吸道感染性疾病的诊治...,￥800
赵桂宪,副主任医师,神经内科,复旦大学附属华山医院,9.7,擅长：颅内单发/多发病变的诊断和鉴别诊断，专长中枢神经...,￥500
吴秋玲,主任医师,血液科专家,华中科技大学同济医学院附属协和医院,9.8,擅长：白血病、淋巴瘤、多发性骨髓瘤、贫血、白细胞减少,￥100
罗明,主任医师,心血管科,上海市同济医院,9.9,擅长：高血压、冠心病、心力衰竭，各种心律失常包括早搏，...,￥130
杨勇,副主任医师,心脏内科,西京医院,9.7,擅长：先天性心脏病风湿性心脏病冠状动脉粥样硬化性心...,￥200
夏军权,主任医师,消化科,固生堂南京宁西分院,9.9,擅长：消化科相关疾病,￥200
雷丰丰,主任医师,呼吸科,甘肃省人民医院,10.0,擅长：肺结节，磨玻璃结节，亚实性结节，肺部感染，新型冠...,￥50
李锋,主任医师,肺内科,上海交通大学附属胸科医院,9.9,擅长：哮喘、慢阻肺、肺部感染、间质性肺病（肺纤维化）、...,￥200
邹善华,主任医师,血液科,复旦大学附属中山医院,9.9,擅长：淋巴结肿大、淋巴瘤、多发性骨髓瘤、M蛋白血症、各...,暂无排班
李红,主任医师,心内科,首都医科大学附属北京安贞医院,10.0,擅长：高血压、冠心病、心力衰竭长期治疗，心血管急危重症...,未开通
刘丰,副主任医师,结肠炎专科,广东省中医院大德路总院,9.0,擅长：内科杂病，尤其擅长中西医结合诊治慢性结肠炎、胃炎...,￥200
张炯,副主任医师,风湿免疫科,复旦大学附属华山医院,9.7,擅长：皮肌炎（尤其是皮疹及并发症的控制）、红斑狼疮（包...,￥300
闻杰,主任医师,内分泌科,复旦大学附属华山医院,9.6,擅长：糖尿病及其慢性并发症的综合管理及最新治疗手段精细...,￥500
陈盛,副主任医师,脉管瘤门诊,上海儿童医学中心,10.0,擅长：微创治疗儿童腹股沟疝、鞘膜积液、生殖器疾病、先天...,￥70
刘艳霞,副主任医师,内分泌与代谢病科(河医院区),郑州大学第一附属医院,10.0,擅长：糖尿病及其急慢性并发症，多囊卵巢综合征、肾上腺性...,未开通
陆宁,副主任医师,内科,天津和平微医医院,9.8,擅长：乳腺癌、肺癌、卵巢癌等多种实体肿瘤化疗、内分泌治...,￥100
赖凌云,副主任医师,肾内科,复旦大学附属华山医院,9.7,擅长：20年原发和继发性肾病的诊断和治疗经验，擅长Ig...,未开通
陈波斌,主任医师,血液科,复旦大学附属华山医院,9.9,擅长：主要擅长于各种疑难淋巴瘤、骨髓瘤、白血病、贫血、...,未开通
赵桂鸣,主任医师,内科,天津市第二人民医院,9.9,擅长：长期从事急、慢性肝炎、肝硬化和肝癌等肝脏疾病的临...,暂无排班
王亮,副主任医师,心血管内科门诊,江苏省人民医院,10.0,擅长：冠心病、高血压、高脂血症、心力衰竭、心律失常药物...,暂无排班
薛骏,主任医师,肾内科,复旦大学附属华山医院,9.7,擅长：疑难血管通路的建立、急性、慢性肾小球肾炎；间质性...,未开通
王一倩,主任医师,消化内科,复旦大学附属华东医院,10.0,擅长：消化内科疾病的诊治，如幽门螺杆菌感染的治疗，慢性...,暂无排班
刘春南,主治医师,心血管内科,哈尔滨医科大学附属第一医院,10.0,擅长：高血压原因的筛查，冠心病心衰疾病的治疗,￥50
郑丹侠,主任医师,肾病内科,北京大学第三医院,10.0,擅长：各种肾炎的诊断和治疗膜性肾病，IgA肾病，微小病...,暂无排班
潘凯,副主任医师,急诊内科门诊,徐州市中心医院,10.0,擅长：内科常见病多发病治疗，急危重症治疗，中毒的治疗等,￥59
赵英帅,主治医师,内科,河南省人民医院,10.0,擅长：体检报告解读、幽门螺旋杆菌感染、高血压、高血脂、...,￥80
逄焕宁,副主任医师,消化内科,吉林市人民医院,10.0,擅长：胃食管反流病、根除幽门螺杆菌、胃肠息肉的治疗；早...,￥100
梁少兰,副主任医师,心血管内二科,广东省第二人民医院,10.0,擅长：心律失常的诊治，尤其心房颤动、心力衰竭的诊治。心...,暂无排班
姜水菊,主任医师,呼吸科,南通市第三人民医院,10.0,擅长：呼吸科常见病、疑难病的诊治。,暂无排班
董美学,副主任医师,神经内科,武汉大学人民医院,10.0,擅长：脑血管病，痴呆，帕金森病等,￥70
周佳君,副主任医师,神经内科,杭州市第六人民医院,10.0,擅长：擅长眩晕症，周围神经病变，脑血管病，睡眠障碍，痴...,￥50
余洋,主治医师,内分泌内科,北京大学第一医院,10.0,擅长：糖尿病、甲状腺疾病及肾上腺疾病等,未开通
路美娟,副主任医师,心内二科,天津中医药大学第二附属医院,10.0,擅长：中西医治疗冠心病，心绞痛，心律失常，心衰，高血压...,￥30
桑迎竹,主治医师,呼吸科,甘肃省人民医院,10.0,擅长：比较擅长呼吸科常见病、多发病、疑难杂症等病的诊断...,未开通
李春雨,主治医师,内分泌内科,华中科技大学同济医学院附属同济医院,10.0,擅长：常见内分泌内科疾病,未开通
刘乐明,主治医师,普内科,南昌大学第一附属医院,10.0,擅长：冠心病、高血压、心律失常、高脂血症等心血管内科疾...,￥60
王伟,副主任医师,消化内科,上海市第一人民医院北部,10.0,擅长：1.胰胆系及壶腹部疾病的诊疗（急性胰腺炎，慢性胰...,￥150
赵文,主任医师,干部保健科,天津医科大学总医院,10.0,擅长：老年病、脑血管病、癫痫、认知功能障碍等神经系统疾...,暂无排班
曾艳,主治医师,心内科,娄底市中心医院,9.9,擅长：于冠心病，高血压，心律失常，心肌炎，心肌病，上呼...,￥10
刘泽英,主任医师,呼吸内科,首都医科大学附属北京安贞医院,10.0,擅长：哮喘，慢阻肺（慢支、肺气肿），肺间质病，肺栓塞等...,未开通
李明,副主任医师,消化内科,武汉大学人民医院,10.0,擅长：功能性胃肠病、消化性溃疡、腹水、消化系统肿瘤、肝...,￥100
朱慧敏,主治医师,肾内科,天津市第五中心医院,,擅长：肾内科相关疾病,￥100
周珊珊,副主任医师,神经内科诊室,哈尔滨医科大学附属第一医院,10.0,擅长：神经内科常见，多发疾病，主要包括脑血管病，脑梗死...,￥200
衡定,主治医师,消化内科门诊,江苏省人民医院,10.0,擅长：消化道早癌、胃幽门螺杆菌感染、胃食管反流病、便秘...,暂无排班
刘大文,副主任医师,内分泌科,山西省中医院,10.0,擅长：内分泌科常见疾病诊疗，主要是糖尿病及其并发症，甲...,￥39
何朝荣,主任医师,心血管内科,十堰市太和医院,10.0,擅长：冠心病，心律失常及血栓性疾病防治,未开通
胡颖,主治医师,神经内科门诊(绩溪路),安徽医科大学第一附属医院绩溪路院区,10.0,擅长：神经内科常见疾病的诊治,暂无排班
葛幸峰,主治医师,消化内科,宁波市医疗中心李惠利东部医院,9.9,擅长：于消化系统病变，尤其成年胃肠，肝胆方面，擅长临床...,暂无排班
赖朝辉,副主任医师,心内科,天津市第三中心医院,10.0,擅长：心内科相关疾病，如冠心病、心肌病、心力衰竭、高血...,￥100
成嘉,主治医师,呼吸内科,甘肃省第二人民医院,10.0,擅长：新冠感染，新冠肺炎救治工作，肺部阴影、小结节，上...,￥30
孟培培,主治医师,消化内科,中国人民解放军联勤保障部队第980医院,10.0,擅长：脑梗塞，脑出血，植物神经功能紊乱，反流性食管炎，...,暂无排班
姚要兵,主治医师,神经内科(河医院区),郑州大学第一附属医院,9.9,擅长：脑梗死，脑出血，脑炎，口眼歪斜，头晕头疼，失眠，...,暂无排班
蔡珍华,副主任医师,消化科,中国人民解放军第95医院,10.0,擅长：慢性胃炎，胃食管反流，胃肠功能紊乱，肝炎，胃幽门...,￥40
赵树新,主任医师,内分泌科,天津市第三中心医院,10.0,擅长：糖尿病和糖尿病并发症，痛风，高血压，甲状腺疾病,￥80
李博,主治医师,呼吸内科,甘肃省武威肿瘤医院,10.0,擅长：感冒、发烧、气管炎、哮喘、结核、肺炎、肺栓塞、支...,￥50
于慧敏,主任医师,风湿免疫科,哈尔滨医科大学附属第二医院,10.0,擅长：类风湿性关节炎，强直性脊柱炎，骨关节炎,未开通
李平,副主任医师,内分泌科,中国人民解放军联勤保障部队第九六〇医院,9.9,擅长：糖尿病，甲亢，骨质疏松，库欣综合征，垂体疾病，甲...,未开通
赵汝星,副主任医师,内分泌科,山东大学齐鲁医院,10.0,擅长：内分泌与代谢性疾病,暂无排班
岳华,主任医师,肾病科,新疆维吾尔自治区人民医院,10.0,"擅长：肾病科常见病，多发病，各类急慢性肾脏疾病,继发性...",暂无排班
黄益澄,副主任医师,感染病科,浙江省人民医院,10.0,擅长：各种肝病（包括各种病毒性肝炎，药物性肝炎，酒精性...,￥50
张晓猛,副主任医师,风湿免疫科,合肥市第一人民医院,10.0,擅长：类风湿性关节炎、强直性脊柱炎、静脉曲张、风湿性关...,￥45
沈赟,主治医师,内分泌代谢科,上海市第六人民医院,10.0,擅长：糖尿病，肥胖，甲状腺疾病，多囊卵巢综合症等内分泌...,￥100
张吉,主治医师,消化内科,上海交通大学医学院附属瑞金医院,9.9,擅长：消化内镜(包括胶囊内镜)、消化道常见疾病的诊断与...,暂无排班
宫克旭,主任医师,心血管内科,天津市静海区医院,10.0,擅长：冠心病（心绞痛、心肌梗死），高血压病，心律失常，...,￥100
梅风君,主任医师,神经内科,河北医科大学第四医院,10.0,擅长：脑血管病的诊断及防治、各种头痛头晕诊治、脱髓鞘疾...,￥80
罗莉,主任医师,内分泌科门诊,安徽医科大学第一附属医院高新院区,10.0,擅长：甲亢、加减、甲状腺结节、糖尿病、内分泌疾病的诊断...,￥200
祝金泉,主任医师,消化科门诊,南昌大学第一附属医院,10.0,擅长：胃及十二指肠溃疡、慢性胃炎、反流性食管炎、慢性结...,￥200
张瑾,副主任医师,心内科,复旦大学附属华山医院,9.9,擅长：冠心病、高血压、心律失常、心肌病等常见心血管病诊...,￥500
陈彤,副主任医师,血液肿瘤科,天津医科大学总医院,10.0,擅长：内科系统常见疾病，尤其是血液系统肿瘤的诊疗,未开通
郝敬波,主任医师,老年医学科,徐州医科大学附属医院,10.0,擅长：高血压、糖尿病、冠心病、甲状腺疾病、内分泌疾病、...,￥30
张东健,副主任医师,神经内科,天津市静海区医院,10.0,擅长：熟练应对内科常见病得诊疗以及心脑血管疾病的鉴别诊...,￥29
陈立,主任医师,消化内科,上海交通大学医学院附属瑞金医院,9.8,擅长：不明原因肝功异常、黄疸、腹水的诊治，擅长各类肝炎...,未开通
吕永楠,副主任医师,心血管内科,武汉大学人民医院,10.0,擅长：冠心病、心绞痛、高血压、心肌炎、心律失常、房颤、...,未开通
霍亚平,主任医师,肾病科,山西省中医院,10.0,擅长：治疗泌尿系炎症、过敏性紫癜性肾炎、IgA肾病、肾...,￥50
李瑛,主治医师,呼吸内科(内科新冠门诊),中南大学湘雅医院,9.9,擅长：慢性支气管炎，肺气肿，慢阻肺、哮喘、肺癌，肺结核...,￥300
杨光,主任医师,肾科门诊,江苏省人民医院,9.9,擅长：各种肾炎、肾病和肾功能不全肾衰竭的诊治，尤其疑难...,￥2000
张宇清,主任医师,心内科,中国医学科学院阜外医院,9.8,擅长：原发和继发性高血压、难治性高血压，心力衰竭。,未开通
楚长彪,副主任医师,神经内科,首都医科大学宣武医院,9.9,擅长：头痛，头晕，脑血管病、炎症和认知障碍等神经变性疾...,￥1000
孔军,副主任医师,血液病研究所,北京大学人民医院,10.0,擅长：治疗造血干细胞移植并发症及急慢性白血病。同时对血...,￥300
李鑫,主任医师,感染科,北京地坛医院,10.0,擅长：新冠肺炎、各种肝炎、肝硬化、肝衰竭、感染性疾病及...,￥500
高莎莎,副主任医师,神经内科(河医院区),郑州大学第一附属医院,10.0,擅长：擅长白内障，青光眼，眼外伤的诊断和治疗，熟练...,未开通
尹延伟,副主任医师,神经内科门诊,空军特色医学中心,10.0,擅长：神经内科临床工作16年，擅长失眠症、植物神经功能...,￥199
冀琳琳,主治医师,呼吸科,中国人民解放军第305医院,10.0,擅长：长期从事呼吸科常见疾病临床工作，精通呼吸系统常见...,￥110
张琳琳,副主任医师,心内科,首都医科大学附属北京安贞医院,10.0,擅长：冠心病、心律失常、高脂血症、高血压,￥100
李雯娜,副主任医师,心脏内科,中国医科大学附属第一医院,10.0,擅长：擅长冠心病(心绞痛、急性心肌梗死)，高血压(难治...,暂无排班
廖莹,副主任医师,肾内科,深圳市第二人民医院,10.0,擅长：肾小球肾炎，腹膜透析，血液透析，继发性甲旁亢，肾...,￥60
肖宜超,主治医师,心血管内科门诊,中南大学湘雅二医院,9.9,擅长：长期从事心血管内科疾病诊治，尤其熟悉介入心脏病学...,暂无排班
马希英,副主任医师,普内科,广东省人民医院,10.0,擅长：1、糖尿病、甲状腺机能亢进、痛风、高血脂及慢性...,暂无排班
徐鹃鹃,副主任医师,感染科,天津医科大学总医院,9.9,擅长：新冠病毒肺炎，发热，病毒性肝炎，狂犬病，疫苗接种...,￥189
曾敬清,主治医师,消化科,上海儿童医学中心,10.0,擅长：常见儿童消化科相关疾病：腹泻，便秘，消化不良，幽...,￥300
连豫苞,主任医师,感染科,三明市第一医院,10.0,擅长：病毒性肝炎、脂肪肝等各类肝病，发热、呼吸道感染、...,暂无排班
宋晓鹏,主治医师,综合内科,中国人民解放军第463医院,10.0,擅长：综合内科相关问题,￥80
都海燕,副主任医师,消化内科,晋城煤业集团总医院,,擅长：消化内科方面的常见疾病。,暂无排班
李建飞,副主任医师,心血管内科,内蒙古自治区人民医院,,擅长：心血管内科的相关疾病,未开通
刘凌波,主任医师,血液科专家,华中科技大学同济医学院附属协和医院,9.6,擅长：髓系血液细胞生成与发育异常性疾病的诊治：（1）髓...,暂无排班
周德凯,主任医师,血管瘤专业,重庆医科大学附属儿童医院礼嘉分院,9.9,擅长：小儿普外科各种疾病；各类血管瘤、血管畸形、淋巴管...,￥200
黎纬明,副主任医师,血液科专家,华中科技大学同济医学院附属协和医院,10.0,擅长：慢性粒细胞白血病，造血系统恶性疾病、造血干细胞移...,未开通
焦成松,副主任医师,感染科肝病,华中科技大学同济医学院附属同济医院,9.8,擅长：各类肝病以及不明原因发热等疑难杂症的诊断和治疗。,￥80
陈文萃,主治医师,肾内科,南京大学医学院附属金陵医院（东部战区总医院）,9.9,擅长：系统性淀粉样变性，轻链沉积病等浆细胞疾病的诊断及...,￥500
井丽萍,副主任医师,血液内科,中国医学科学院血液病医院（血液学研究所）,9.9,擅长：红细胞疾病、出凝血疾病的临床诊疗，尤其是再生障碍...,￥300
赵成,副主任医师,风湿免疫科,南京鼓楼医院,10.0,擅长：类风湿关节炎，系统性红斑狼疮，强直性脊柱炎,暂无排班
李洪强,副主任医师,血液内科,中国医学科学院血液病医院（血液学研究所）,9.9,擅长：各类血液病的诊断与治疗，尤其擅长各类出凝血疾病。...,￥200
李渊,主任医师,消化科,北京大学第三医院,9.9,擅长：各种消化道疾病，尤其是早期胃癌、食管癌及癌前病变...,暂无排班
陈学颖,副主任医师,心内科,复旦大学附属中山医院,9.9,擅长：心内科常见疾病，尤其是心脏起搏器的植入与随访、术...,未开通
方艺,主任医师,肾病科,复旦大学附属中山医院,9.9,擅长：急性肾损伤的防治，慢性肾脏疾病的早期防治和筛检，...,未开通
代世摩,主治医师,心内科,复旦大学附属中山医院,10.0,擅长：心房颤动，室上性心动过速，室性早搏，室性心动过速...,未开通
杨月,主治医师,呼吸内科诊室,哈尔滨医科大学附属第一医院,10.0,"擅长：呼吸内科常见病包括肺炎,慢性阻塞性肺疾病,支气管...",未开通
贾红蔚,副主任医师,内分泌科,天津医科大学总医院,10.0,擅长：糖尿病和甲状腺疾病的诊治,￥120
石敏,主治医师,内分泌科,西京医院,10.0,擅长：糖尿病，甲状腺疾病，高尿酸血症及痛风等内分泌代谢...,未开通
周广怡,副主任医师,神经内科,长沙市第一医院,9.9,擅长：脑血管病介入诊断与治疗，在脑梗死、脑出血、痴呆、...,￥120
李小莹,副主任医师,老年病科,空军军医大学(第四军医大学)口腔医学院,10.0,擅长：高血压，糖尿病，脑血管病，眩晕疾病、各种头疼及颌...,暂无排班
卢立新,主任医师,肾病科,泰安市中医医院,9.9,擅长：从事临床工作30余年，独创三元疗法治疗各种肾病及...,￥200
林煌斌,主治医师,神经内科,上海长海医院,10.0,擅长：脑血管病（包括脑梗死，脑梗塞，脑卒中，脑中风，脑...,暂无排班
刘序友,主任医师,消化内科,广州市红十字会医院,10.0,擅长：胃炎、幽门螺杆菌感染、肠炎、食管炎、肝炎、肝硬化...,￥89
张磊,主治医师,内科,山东省立第三医院,10.0,擅长：内科常见疾病的诊治，如：水肿蛋白尿血尿高血压等急...,￥100
刘志平,主治医师,呼吸科,黑龙江中医药大学附属第一医院,10.0,擅长：肺炎、弥漫性泛细支气管炎、哮喘、慢性阻塞性肺疾病...,￥50
马毓,主治医师,门诊高血压,上海交通大学医学院附属瑞金医院,10.0,擅长：高血压优化治疗，高血压病因筛查，难治性高血压诊治,未开通
谢容根,副主任医师,感染科·肝病诊疗中心,东莞市第三人民医院,10.0,擅长：常见感染及肝脏相关疾病，如发热查因、肺结核、结核...,￥300
段英辉,副主任医师,神经内科,联勤保障部队第970医院,10.0,擅长：脑血管病、头晕、头痛、睡眠障碍、认知功能障碍、情...,￥66
黄丽芳,副主任医师,血液内科,华中科技大学同济医学院附属同济医院,9.9,擅长：再障及MDS等骨髓衰竭性疾病的诊治及异基因造血干...,￥100
刘凯,主治医师,心血管内科,安庆市立医院,10.0,擅长：刘凯，心内科主治医师，于2011年毕业于安徽医科...,￥50
曲爱忠,副主任医师,血液病科,潍坊市益都中心医院,10.0,擅长：淋巴瘤，贫血，血小板增多，血小板减少，肺癌，食管...,￥40
姜林宏,主治医师,感染科,江苏省人民医院,10.0,擅长：艾滋，新冠状病毒感染，梅毒，恐艾，肝炎，水痘，狂...,￥30
申建凯,主任医师,血液内科门诊,中南大学湘雅二医院,9.9,擅长：疑难血液病诊断及淋巴细胞肿瘤为主的恶性血液病,未开通
李宪乔,主治医师,肾内科,胜利油田中心医院,10.0,"擅长：常见肾病内科疾病诊治,常见肾脏病相关症状(水肿、...",￥100
张煜,主任医师,心血管科,复旦大学附属华东医院,9.9,擅长：冠心病、高血压病、各种心律失常、心功能不全、瓣膜...,￥200
魏兵,副主任医师,消化内科,桂林医学院附属医院,10.0,擅长：消化内科常见病多发病诊治。全科医学相关疾病以及旅...,￥198
刘先锋,主治医师,内六科,泰达国际心血管病医院,10.0,擅长：心脏病、呼吸疾病、消化疾病、代谢疾病以及常见传染...,暂无排班
朱小勤,副主任医师,血液科,上海中医药大学附属曙光医院西院,10.0,擅长：血小板减少，贫血，再障，骨髓增生异常综合征，淋巴...,未开通
王凯,副主任医师,心内科,鸡西市中医医院,10.0,擅长：擅长冠状病毒感染冠状病毒肺炎心血管内科常见疾...,￥88
李健洪,主任医师,心内科,清远市人民医院,10.0,擅长：在冠心病、高血压、心力衰竭、高血脂等心血管常见病...,￥88
黄武,副主任医师,老年内科门诊,中南大学湘雅二医院,,擅长：主要从事老年内分泌疾病临床，在多年的工作中积累了...,未开通
易朝辉,主任医师,内科,揭阳市榕城区人民医院,10.0,擅长：高血压.糖尿病.胃病.冠心病心力衰竭、顽固性胃病...,￥50
郭玉强,副主任医师,肾内科,聊城市第二人民医院,10.0,擅长：肾病综合征，肾炎综合征，血尿，蛋白尿，高血压，糖...,￥58
马安林,主任医师,感染科门诊,中日友好医院,9.8,擅长：对自身免疫性肝病（包括自身免疫性肝炎，自身免疫性...,未开通
冯立刚,副主任医师,心血管内科,石嘴山市第二人民医院,10.0,擅长：心血管疾病治疗，高血压，冠心病，心绞痛，心力衰竭...,暂无排班
孙攀博,主治医师,呼吸内科,上饶市立医院,10.0,擅长：对呼吸内科急诊病人、难治性大咯血、危重支气管哮喘...,￥500
陈畅,副主任医师,消化内科,宜昌市第一人民医院,10.0,"擅长：""急性胰腺炎及其相关疾病的诊治。消化道早癌的内镜...",￥200
孙文昊,主治医师,神经内科,天津医科大学总医院,10.0,擅长：慢性头疼，头晕（眩晕），顽固失眠的物理及药物治疗...,￥60
田荣茂,主任医师,肝病专科,三明市中西医结合医院,10.0,擅长：新型冠状病毒感染的肺炎诊断、鉴别诊断。2004年...,￥100
杜勇,主治医师,消化内科,黄山市人民医院,10.0,擅长：暂无介绍,￥20
金毅斌,副主任医师,消化内科,乌镇互联网医院门诊部,10.0,擅长：消化道（食管、胃、结肠）息肉、粘膜异型增生（不典...,暂无排班
杨峰,副主任医师,呼吸内科门诊,七台河市人民医院,10.0,擅长：支气管炎、慢阻肺急性加重期、肺结核、肺气肿、间质...,暂无排班
范庭涛,副主任医师,呼吸内科,三明市第一医院,10.0,擅长：呼吸系统疾病，包括上呼吸道感染、急慢性咳嗽、急性...,暂无排班
刘光军,主治医师,肾脏病中心门诊,浙江大学医学院附属第一医院,9.9,擅长：治疗肾移植，狼疮性肾炎，IgA肾病等风湿免疫疾病,未开通
陈珺,主任医师,心脏内科,天津医科大学总医院,10.0,擅长：高血压、冠心病、心律失常、心衰等心血管内科疾病的...,未开通
魏行纬,住院医师,呼吸内科,海南省人民医院,10.0,擅长：全科专业，擅长上感肺炎慢阻肺高血压冠心病...,￥10
蒲鹏,副主任医师,心血管内科,重庆医科大学附属第一医院,10.0,擅长：冠心病，高血压，心力衰竭及心血管疑难危重症,未开通
李亚其,主治医师,东院消化内科门诊,河南省人民医院,10.0,擅长：消化内科常见疾病的诊治。,暂无排班
梁建英,主任医师,内科,石家庄市人民医院,10.0,擅长：各种呼吸道疾病，慢性阻塞性肺疾病，心脑血管疾病，...,暂无排班
郑毅,副主任医师,感染性疾病科,浙江省新华医院,10.0,擅长：慢性乙型病毒肝炎临床治愈，慢性丙型病毒性肝炎，脂...,￥100
陈楚杰,副主任医师,呼吸科门诊,广州中医药大学第一附属医院,9.9,擅长：临床擅长治疗感冒、咳嗽、鼻炎、腹痛、腹泻、便秘、...,暂无排班
李志荃,主任医师,感染性疾病科,寿光市人民医院,10.0,擅长：各类感染性疾病，包括病毒性肝炎，水痘，麻疹，手足...,￥50
邓宝茹,主任医师,消化科,天津医科大学总医院,10.0,擅长：邓宝茹。主任医师。擅长胃肠及肝胆等疾病的诊断治疗...,未开通
张宁,副主任医师,肾内科,天津医科大学第二医院,10.0,擅长：肾内科相关常见疾病诊治,未开通
杨艳华,副主任医师,消化内科,恩施州中心医院,9.9,擅长：消化系统常见病，多发病。消化系统急危重症。,￥89
张可,副主任医师,感染科,首都医科大学附属北京佑安医院,,擅长：从事艾滋病治疗多年，对HIV可以可疑感染判断，可...,暂无排班
黄强,副主任医师,心血管内科,丽水微医互联网医院,10.0,擅长：中西医结合治疗心脑血管疾病，冠心病，心绞痛，高血...,￥30
张小乐,副主任医师,心血管内科,肇庆市第一人民医院,10.0,擅长：冠心病、高血压、心力衰竭。心律失常、心肌病,暂无排班
王少鹏,副主任医师,心内科,大连医科大学附属第一医院,9.9,擅长：心内科常见疾病,￥120
孟凡喜,主治医师,内科,威县妇幼保健院,10.0,擅长：全科医学，肺炎，呼吸道感染，肺心病，各种消化道疾...,暂无排班
王洪永,副主任医师,内分泌二科,泰安市中医医院,10.0,擅长：泰安市中医医院内分泌二科副主任医师,未开通
李勇,主任医师,呼吸内科,齐齐哈尔市建华医院,10.0,擅长：心脑血管，呼吸，消化消化疾病,暂无排班
苏冬菊,主任医师,呼吸内科,哈尔滨医科大学附属第二医院,10.0,擅长：肺部感染性疾病、肺心病、肺癌、支气管哮喘、胸腔积...,未开通
姚瑶,主任医师,神经内科,黄山市人民医院,10.0,擅长：脑出血、脑血管疾病、周围神经病、癫痫等疾病诊治。,未开通
李春媚,副主任医师,肾脏内科,哈尔滨医科大学附属第二医院,10.0,擅长：各型肾炎，急慢性肾功不全，尿路感染。,未开通
田勇,副主任医师,内分泌科门诊,郑州人民医院,,擅长：糖尿病、甲状腺疾病等内分泌代谢病的诊断与治疗，尤...,暂无排班
张金龙,主治医师,神经内科,恩施市中心医院,,擅长：头痛、头晕、脑梗塞、脑出血、神经痛、重症肌无力、...,未开通
齐惠英,副主任医师,心血管内科,天津市第三中心医院分院,,擅长：于冠心病、心绞痛、心衰、高血压的诊断及治疗。,暂无排班
孙世澜,主任医师,肾病内科,华中科技大学同济医学院附属同济医院,9.7,擅长：肾内科疑难病的诊断以及延缓肾衰竭进展的药物治疗、...,暂无排班
齐军元,主任医师,血液内科,中国医学科学院血液病医院（血液学研究所）,9.8,擅长：疾病的诊断和鉴别诊断：淋巴瘤、骨髓瘤、各种白血病...,￥800
徐大民,副主任医师,肾内科,北京大学第一医院,10.0,擅长：肾炎、肾病综合征、IgA肾病、膜性肾病、高血压肾...,￥170
王智刚,主任医师,呼吸内科,常州市第一人民医院,10.0,擅长：中西医整合治疗呼吸疾病（间质性肺炎、肺纤维化、肺...,￥150
郭伏平,副主任医师,感染内科,北京协和医院,9.5,擅长：各种感染性疾病、不明原因发热、肝炎、艾滋病等方面...,未开通
程宽,副主任医师,心内科,复旦大学附属中山医院,9.8,擅长：导管射频消融微创手术以及药物治疗心房颤动，预激综...,未开通
贾平,副主任医师,肾病科,复旦大学附属中山医院,10.0,擅长：急慢性肾小球肾炎的诊治；血尿、蛋白尿、肾功能减退...,￥300
刘晖,副主任医师,心内科,北京儿童医院,10.0,擅长：长期从事小儿先天性心脏病介入手术治疗，对儿童特别...,未开通
易铁慈,副主任医师,心血管内科,北京大学第一医院,9.9,擅长：冠状动脉微创介入治疗，瓣膜性心脏病、先天性心脏病...,￥100
程勇,主任医师,内科,上海真安堂中医门诊部,9.9,擅长：1、消化系统疾病（慢性胃炎及胃粘膜异型增生、肠上...,暂无排班
朱光华,主任医师,（加号预约）肾内科特需,上海市儿童医院北京西路院区,9.7,擅长：小儿肾脏疾病的临床和研究。对小儿血尿、肾病综合征...,未开通
陈凤欣,主任医师,感染科,北京地坛医院,10.0,擅长：各种类型肝炎（含乙肝、丙肝、甲肝、戊肝、脂肪肝等...,￥300
马祖福,副主任医师,肾病内科,华中科技大学同济医学院附属同济医院,9.4,擅长：原发性和继发性肾脏疾病（如慢性肾小球肾炎、IgA...,暂无排班
侯周华,主任医师,感染病科,中南大学湘雅医院,9.8,擅长：病毒性肝炎(乙型肝炎、丙型肝炎等)、肝功能衰竭、...,￥150
张文礼,副主任医师,内分泌科门诊,南京市第一医院,10.0,擅长：熟练掌握糖尿病的强化治疗、并发症的防治，尤其是外...,￥29
李乾,主任医师,消化内科(内科新冠门诊),中南大学湘雅医院,9.6,擅长：消化系统疾病的诊断与治疗，电子超声内镜的检查与介...,未开通
杨爽,主任医师,心血管内科,河北省人民医院,10.0,擅长：老年病的诊治，如冠心病、高血压、心律失常、心力衰...,￥50
邓欣,主治医师,心内科,复旦大学附属中山医院,9.9,擅长：主攻冠心病、心肌梗死以及心脏支架手术，以及高血压...,￥200
张峰,主任医师,心内科高级专家门诊,复旦大学附属中山医院,10.0,擅长：冠心病的诊治,￥888
廖建泉,主治医师,心内科,复旦大学附属中山医院,10.0,擅长：冠心病、高血压、心律失常、心力衰竭、心肌病等复杂...,￥200
李晓光,主任医师,神经科,北京协和医院,9.9,擅长：肌萎缩侧索硬化及其他神经系统退行性疾病（如老年痴...,￥1999
杨帆,主任医师,抗生素研究所,复旦大学附属华山医院,9.3,擅长：各类细菌、真菌感染诊治，抗菌药物合理应用。,￥1000
陈辉,主治医师,消化内科,西京医院,9.9,擅长：肝炎（乙肝，丙肝等）的规范治疗，肝硬化并发症的规...,￥99
赵耀中,主任医师,淋巴瘤诊疗中心,中国医学科学院血液病医院（血液学研究所）,10.0,擅长：各类血液病的诊断与治疗，尤其擅长各类淋巴系统血液...,￥500
李超,副主任医师,肾内科,北京协和医院,9.9,擅长：膜性肾病、狼疮性肾炎等原发和继发性肾小球疾病,未开通
陈雪华,副主任医师,呼吸内科,复旦大学附属中山医院,9.9,擅长：急慢性肺炎、间质性肺病、肺结节,未开通
孟馨,主任医师,内分泌科,中国医科大学附属第一医院,10.0,擅长：糖尿病及并发症的诊治、甲状腺疾病诊治等。,未开通
侯婉音,主治医师,肾内科,北京大学第一医院,10.0,擅长：IgA肾病，膜性肾病，肾病综合征，新冠病毒感染后...,￥300
徐仁德,主治医师,心内科,复旦大学附属中山医院,,擅长：心内科相关疾病,未开通
宋雷,主任医师,心内科,中国医学科学院阜外医院,10.0,擅长：冠心病及冠脉介入治疗，冠状动脉内影像及生理学，左...,￥1992
张鑫,主治医师,肾内科,北京大学第一医院,10.0,擅长：慢性肾脏病、肾小球肾炎、单克隆免疫球蛋白相关肾损...,未开通
黄智伟,副主任医师,心内科,中国医学科学院阜外医院,10.0,擅长：冠心病心肌梗死高血压病高脂血症心律失常（...,￥500
冯一洲,医师,心脏内科,四川大学华西医院,10.0,擅长：常见病多发病的诊治及各种血液学检查报告的解读。,￥200
常红,主任医师,血液内科,四川大学华西医院,10.0,擅长：各种血液检查报告解读，用药建议及诊后指导。血液科...,￥600
蒋卫民,主任医师,感染发热,复旦大学附属华山医院,9.9,擅长：各种病毒性肝炎、肝功能异常、各种发热性疾病、寄生...,￥500
孙晓红,主任医师,消化内科,北京协和医院,10.0,擅长：胃食管反流病、贲门失弛缓症、功能性食管疾病、功能...,未开通
张海鹏,住院医师,呼吸科,四川大学华西医院,10.0,擅长：呼吸道疾病例如上呼吸道感染，各类肺炎，COPD，...,￥60
张德新,主任医师,消化内科,西京医院,9.9,擅长：各种食管、胃、肠道疾病。包括胃食管反流病，消化不...,暂无排班
汤正义,主任医师,门诊内分泌,上海交通大学医学院附属瑞金医院,9.9,擅长：糖尿病血糖控制与疑难并发症的诊治，甲状腺、肾上腺...,未开通
徐蔚海,主任医师,神经科,北京协和医院,9.8,擅长：疑难脑卒中，青年卒中，中枢神经系统疾病疑难疾病，...,未开通
李凯,副主任医师,消化内科,西京医院,10.0,擅长：肝硬化，肝癌，消化道出血，腹水，病毒性肝炎等慢性...,暂无排班
施光峰,主任医师,感染发热,复旦大学附属华山医院,9.6,擅长：各种感染病的诊治，尤其擅长慢乙肝、慢丙肝、脂肪肝...,￥498
高瑞通,主任医师,肾内科,北京协和医院,10.0,擅长：各种原发和继发性肾小球疾病、肾血管疾病及急、慢性...,￥1200
汪涛,主任医师,呼吸与危重症医学科,华中科技大学同济医学院附属同济医院,10.0,擅长：肺癌，肺结节的介入消融治疗，气道狭窄，气道瘘治疗...,暂无排班
程蕾蕾,主任医师,心内科,复旦大学附属中山医院,9.8,擅长：关注恶性肿瘤患者放疗、化疗、靶向及免疫治疗过程中...,未开通
王晓黎,主任医师,内分泌科,中国医科大学附属第一医院,10.0,擅长：内分泌系统疾病诊治，包括各种类型糖尿病，甲状腺疾...,￥199
曹玉珍,主任医师,神经科,北京协和医院,9.9,擅长：各种类型的脑血管病的诊治，包括脑梗塞，脑出血，蛛...,未开通
舒慧君,主任医师,消化内科,北京协和医院,10.0,擅长：消化系统常见病，自身免疫性肝病，自身免疫性胰腺炎...,￥1000
罗锋,主任医师,呼吸科,四川大学华西医院,9.9,擅长：医学博士。在呼吸系统常见疾病以及多发病，尤其是对...,暂无排班
龚凌云,副主任医师,神经内科,复旦大学附属华山医院,10.0,擅长：周围神经病、神经痛、运动神经元病、脊髓病变、脑血...,未开通
王明华,副主任医师,感染门诊,复旦大学附属华山医院,10.0,擅长：常见感染科相关疾病诊治，包括各类细菌、真菌性感染...,未开通
郭涛,主任医师,血液科专家,华中科技大学同济医学院附属协和医院,10.0,擅长：噬血细胞综合征，白血病，淋巴瘤，骨髓瘤；擅长血小...,未开通
沈珠军,主任医师,心内科,北京协和医院,10.0,擅长：冠心病介入治疗，高血压、高脂血症等心血管疾病诊治...,未开通
范学工,主任医师,感染病科,中南大学湘雅医院,9.8,擅长：各类肝脏疾病，特别是病毒性肝炎的诊断与治疗。,未开通
陆福明,主任医师,肾内科,复旦大学附属华山医院,9.8,擅长：各种肾炎如IgA肾炎、膜性肾病、狼疮性肾炎治疗。...,￥498
邓钰蕾,主任医师,门诊神内,上海交通大学医学院附属瑞金医院,9.9,擅长：癫痫等发作性疾病、老年性痴呆、头痛、睡眠障碍、脑...,￥800
李异玲,主任医师,消化内科,中国医科大学附属第一医院,10.0,擅长：各种急慢性肝病的诊治，尤其是脂肪性肝病，药物性肝...,暂无排班
沙莎,副主任医师,神经内科,中国医科大学附属第一医院,10.0,擅长：常见老年疾病包括老年病痴呆，脑出血，脑血栓，头痛...,￥200
谢万灼,主任医师,血液病科,浙江大学医学院附属第一医院,10.0,擅长：血液病科常见疾病,暂无排班
吴斌,主治医师,神经内科,复旦大学附属华山医院,10.0,擅长：神经内科的相关疾病,未开通
姜腾勇,主任医师,心内科,首都医科大学附属北京安贞医院,,擅长：心血管内科、心肌病、慢性心衰。起搏器植入、冠心病...,未开通
张祥,副主任医师,神经内科,复旦大学附属华山医院,9.9,擅长：脱髓鞘疾病(视神经脊髓炎，多发性硬化，中枢神经系...,￥500
匡鼎伟,副主任医师,肾病科,复旦大学附属华山医院,9.9,擅长：各类慢性肾小球肾炎、各种类型肾病综合征、IgA肾...,￥368
余希杰,主任医师,内分泌科,四川大学华西医院,10.0,擅长：骨质疏松骨痛、肿瘤相关骨病、甲状旁腺疾病及钙磷代...,￥300
徐晓刚,主任医师,感染门诊,复旦大学附属华山医院,9.9,擅长：肺炎、尿路感染、脑膜炎等常见感染性疾病的诊断及治...,未开通
柳青,副主任医师,神经科,北京协和医院,9.8,擅长：脑血管病，癫痫，睡眠障碍，运动神经元病，家族遗传...,暂无排班
郭涛,副主任医师,消化内科,北京协和医院,9.9,擅长：早期胃癌，幽门螺杆菌感染，胰腺疾病，结肠息肉，炎...,暂无排班
杨虹波,副主任医师,心内科,复旦大学附属中山医院,10.0,擅长：冠心病介入治疗，心血管影像学及功能生理学评估,未开通
罗庆志,主治医师,心血管内科,上海交通大学医学院附属瑞金医院,10.0,擅长：室上速，早搏，房扑房颤等快速型心律失常消融治疗，...,未开通
李敏,主任医师,心内科,首都医科大学附属北京安贞医院,10.0,擅长：心内科类常见疾病，冠心病，心律失常，房颤，房早，...,￥300
刘强,副主任医师,肾内科,中国医科大学附属第一医院,10.0,擅长：IgA肾病，膜性肾病，糖尿病肾病，痛风性肾病，高...,￥100
李洋,副主任医师,贫血科,中国医学科学院血液病医院（血液学研究所）,10.0,擅长：白血病，再生障碍性贫血，缺铁性贫血，骨髓增生异常...,￥300
朱绍华,主治医师,消化内科,西京医院,10.0,擅长：本人专业消化内科，食管、胃及结直肠早期肿瘤的内镜...,￥60
任治秀,副主任医师,呼吸科,四川大学华西医院,9.8,擅长：呼吸系统常见疾病以及多发病，尤其是对慢性阻塞性肺...,暂无排班
吴庆军,主任医师,风湿免疫科,北京协和医院,9.9,擅长：诊治系统性红斑狼疮、干燥综合征、类风湿关节炎、脊...,未开通
蒋伏松,主任医师,内分泌代谢科,上海市第六人民医院东院(临港),10.0,擅长：糖尿病急性并发症、甲状腺功能亢进及甲状腺相关眼病...,￥200
刘子龙,主治医师,呼吸内科,复旦大学附属中山医院,9.9,擅长：呼吸系统疾病的诊治，特别是慢性气道疾病、呼吸危重...,暂无排班
柳叶,主治医师,神经内科,复旦大学附属华山医院,10.0,擅长：脑血管病方向（脑梗死，脑出血，腔梗，脑小血管病）,未开通
盛滋科,主治医师,门诊感染病,上海交通大学医学院附属瑞金医院,10.0,擅长：发热，呼吸道感染，细菌感染，各种病毒性肝炎,未开通
陈浩,主治医师,过敏反应科,华中科技大学同济医学院附属同济医院,10.0,擅长：过敏性鼻炎、哮喘、过敏性结膜炎、荨麻疹/血管性水...,暂无排班
刘彤,主任医师,心内科,首都医科大学附属北京安贞医院,10.0,擅长：心力衰竭，心肌病，冠心病，高血压，心律失常。,￥1000
许戎,主任医师,肾内科,北京大学第一医院,10.0,擅长：各种急性和慢性肾炎，急性和慢性肾衰竭，尿毒症，血...,￥300
张磊,副主任医师,心内科,复旦大学附属中山医院,10.0,擅长：1.各种心动过缓(如病态窦房结综合征、房室传导阻...,暂无排班
贺春晖,主治医师,心内科,中国医学科学院阜外医院,9.9,擅长：冠心病，高血压，血脂代谢异常，心律失常的诊治,￥500
张广文,主治医师,消化内科,西京医院,9.9,擅长：消化内科急危重症，消化道出血，肝硬化，门脉高压，...,暂无排班
吕富靖,主任医师,消化内科,首都医科大学附属北京友谊医院,10.0,擅长：胃息肉、肠息肉、消化道早癌及癌前病变、幽门螺杆菌...,￥300
华冰珠,主任医师,风湿免疫科,南京鼓楼医院,9.9,擅长：类风湿性关节炎、强直性脊柱炎、干燥综合征、系统性...,暂无排班
温华,副主任医师,呼吸内科,中国医科大学附属第一医院,10.0,擅长：急性上呼吸道感染、慢阻肺、支气管哮喘、支气管扩张...,未开通
周绪杰,副主任医师,肾内科,北京大学第一医院,10.0,擅长：IgA肾病遗传性肾脏病肾小球肾炎,未开通
尹路,主任医师,血液内科门诊,上海市第十人民医院,9.9,擅长：处理腹部外科疑难病症和肠瘘；胃肠道肿瘤微创治疗；...,暂无排班
张顺财,主任医师,消化科高级专家门诊,复旦大学附属中山医院,9.6,擅长：消化系统疑难杂症的诊断和治疗；尤擅长肝病、胆汁瘀...,￥700
胡秀芬,主任医师,儿童心血管风湿免疫科,华中科技大学同济医学院附属同济医院,9.8,擅长：儿科心血管疾病、风湿免疫性疾病、发热性疾病、呼吸...,￥100
袁贤奇,主任医师,心内科,中国医学科学院阜外医院,10.0,擅长：冠心病、高血压、高脂血症、心肌病、心力衰竭、心律...,暂无排班
郑洋洋,主治医师,消化内科,西京医院,9.9,擅长：1.各种肝病包括病毒性肝炎、自身免疫性肝炎、肝癌...,未开通
徐潮,主任医师,内分泌科,山东省立医院,10.0,擅长：遗传代谢性疾病，疑难罕见病，糖尿病，甲状腺疾病，...,￥200
宫萍,副主任医师,老年病内科,北京大学第三医院,9.8,擅长：1.老年神经系统疾病的治疗与康复：认知康复、脑血...,￥200
朱铁楠,主任医师,血液内科,北京协和医院,10.0,擅长：血栓性疾病、出血性疾病、血液科危重症、血栓性疾病...,暂无排班
钱云,主任医师,老年医学科门诊,江苏省人民医院,10.0,擅长：神经内科、老年科常见病多发病诊治,￥300
彭再梅,主任医师,呼吸内科门诊,中南大学湘雅二医院,9.9,擅长：肺部结节、肺炎、肺肿瘤、支气管哮喘及慢性阻塞性肺...,￥400
罗说明,副主任医师,内分泌科门诊,中南大学湘雅二医院,10.0,擅长：糖尿病、甲状腺疾病、代谢综合征、肥胖、痛风、继发...,暂无排班
潘洁敏,副主任医师,内分泌代谢科,上海市第六人民医院,9.9,"擅长：肥胖及代谢综合征的综合管理，糖尿病的个体化治疗,...",￥200
张波,副主任医师,血液科专家,华中科技大学同济医学院附属协和医院,10.0,擅长：血液系统恶性肿瘤如多发性骨髓瘤，白血病，淋巴瘤以...,未开通
刘凤芹,副主任医师,内科,南方医科大学南方医院,9.9,擅长：糖尿病、高血压血脂异常、高尿酸血症、骨质疏松症、...,暂无排班
邹长虹,主治医师,心内科,中国医学科学院阜外医院,10.0,擅长：不同病因和不同类型心力衰竭和心肌病的诊断和治疗，...,未开通
李博,主治医师,心血管内科,浙江大学医学院附属第一医院,10.0,擅长：高血压病、冠心病、心律失常、心力衰竭以及老年性、...,￥80
韩冰,主任医师,血液内科,北京协和医院,9.7,擅长：各种血液系统恶性肿瘤、特别是贫血，血小板减少、骨...,￥1000
陈轶坚,主任医师,抗生素研究所,复旦大学附属华山医院,9.9,擅长：新型冠状病毒肺炎、尿路感染、脑脓肿、“超级细菌”...,暂无排班
吴边,主治医师,肾内科,南京大学医学院附属金陵医院（东部战区总医院）,10.0,擅长：血液透析、连续性血液净化治疗，高血压、高尿酸血症...,￥139
凌雁,主任医师,内分泌科高级专家门诊,复旦大学附属中山医院,9.9,擅长：内分泌代谢疾病的诊治，尤其擅长糖尿病、甲状腺疾病...,未开通
陈允钦,副主任医师,心内科,复旦大学附属中山医院,9.9,擅长：调脂抗斑块，冠心病防治，中西医结合治疗,未开通
李怀平,副主任医师,肾病内科,西京医院,10.0,擅长：肾小球疾病、狼疮性肾炎、间质小管性疾病、难治性肾...,￥500
陈芬琴,副主任医师,内分泌科,中国医科大学附属第一医院,10.0,擅长：糖尿病内分泌治疗,暂无排班
方霖,主治医师,消化内科,南方医科大学南方医院,10.0,擅长：消化系统疾病的诊治（近年来门诊诊治患者近5千人/...,￥100
毛日成,副主任医师,感染发热,复旦大学附属华山医院,9.8,擅长：感染发热的相关疾病,￥150
沈迎,副主任医师,心血管内科,上海交通大学医学院附属瑞金医院,10.0,擅长：冠心病，高血脂，颈动脉斑块，心律失常（房颤、房扑...,未开通
陈海敏,主治医师,心内科,广东省人民医院,9.9,擅长：心内科方面的常见疾病。,未开通
吕思奇,住院医师,心内科,中国医学科学院阜外医院,10.0,擅长：1.冠心病、心肌梗死、心绞痛等常见冠脉疾病诊治...,￥70
田锐,主任医师,心内科,首都医科大学附属北京安贞医院,,擅长：心律失常、冠心病、介入治疗。,暂无排班
任学军,主任医师,心内科,首都医科大学附属北京安贞医院,,擅长：心脏起搏与电生理射频消融治疗，心律失常的诊断与治...,未开通
周朝晖,主任医师,消化科,复旦大学附属中山医院,9.9,擅长：急慢性肝炎的诊治，肝纤维化的防治，脂肪肝、乙肝携...,￥500
孙海霞,副主任医师,心内科,首都医科大学附属北京安贞医院,10.0,擅长：心内科、动脉硬化高脂血症、高血压、冠心病的治疗。,暂无排班
杨阳,副主任医师,心内科,北京儿童医院,10.0,擅长：小儿先心病动脉导管，房间隔缺损，室间隔缺损等的介...,￥300
孙秀娟,副主任医师,血液内科,中国医学科学院血液病医院（血液学研究所）,10.0,擅长：血液学研究再生障得性贫血，缺铁性贫血，骨增生异常...,￥200
胡耐博,副主任医师,血液内科,中国医学科学院血液病医院（血液学研究所）,10.0,擅长：白血病，再生障碍性贫血，骨髓增生异常综合征等疾病...,￥200
王淑艳,主任医师,内分泌科门诊,烟台毓璜顶医院,10.0,擅长：主攻糖尿病、肥胖症、继发性高血压、垂体疾病、骨质...,￥269
吴春玲,副主任医师,风湿科,中国医科大学附属第一医院,10.0,擅长：系统性红斑狼疮，类风湿关节炎，强直性脊柱炎,暂无排班
赵连江,主任医师,内科,潍坊市第二人民医院,10.0,擅长：中西医结合治疗肺部疾病及心脑血管疾病，尤其擅长肺...,￥50
吴双,住院医师,心内科,中国医学科学院阜外医院,10.0,擅长：冠心病、急性心肌梗死、心房颤动、心律失常、心力衰...,￥120
王飞,副主任医师,心血管内科,东莞市滨海湾中心医院,10.0,擅长：高血压病（头痛、头晕、眼花）、心律失常（心房颤动...,暂无排班
杨鹏飞,副主任医师,感染病科,哈尔滨医科大学附属第二医院,10.0,擅长：肝炎，肝硬化，肝癌，新型冠状病毒肺炎出血热，腹...,￥58
翟光耀,副主任医师,心内科,首都医科大学附属北京安贞医院,,擅长：复杂冠心病的微创介入手术(修复血管而无支架植入)...,暂无排班
王燕燕,副主任医师,感染科,南昌市第三医院,10.0,擅长：感染科常见疾病，多发病的诊治，丙肝，乙肝，脂肪...,￥50
刘艳,副主任医师,遗传性神经肌肉病,华中科技大学同济医学院附属同济医院,9.9,擅长：儿科神经系统疾病如儿童脑发育迟缓、脑性瘫痪、儿童...,暂无排班
孙石磊,主任医师,神经内科(河医院区),郑州大学第一附属医院,9.9,擅长：脑血管疾病、重症肌无力、癫痫、眩晕、痴呆、颅内感...,￥500
张静,副主任医师,消化内科,西京医院,9.9,擅长：消化内科相关疾病,未开通
孔朝红,副主任医师,神经内科,武汉大学人民医院,10.0,擅长：癫痫，睡眠障碍，神经心理，脑血管病。擅长神经电生...,￥99
金嘉琳,主任医师,感染发热,复旦大学附属华山医院,8.9,擅长：发热待查、中枢神经系统感染、败血症及感染性心内膜...,未开通
李谦,副主任医师,感染发热,复旦大学附属华山医院,9.8,擅长：发热待查、疑难感染性疾病以及慢性肝病的鉴别诊断与...,未开通
李刚,主任医师,心血管内科(郑东)(郑东院区),郑州大学第一附属医院,10.0,擅长：生殖内分泌、男女不孕症、辅助生殖技术等方面有丰富...,￥300
李筠,主任医师,心血管专科,上海儿童医学中心,9.8,擅长：对儿科常见病诊治经验丰富，常年从事小儿先心病的心...,未开通
戴艳,副主任医师,肾病科,复旦大学附属中山医院,10.0,擅长：急慢性肾脏疾病的诊治，尤其擅长糖尿病肾病一体化治...,￥300
王一梅,副主任医师,肾病科,复旦大学附属中山医院,10.0,擅长：急性肾损伤、血尿蛋白尿、慢性肾功能不全、高尿酸血...,未开通
杨志梅,主治医师,血液病研究所,北京大学人民医院,10.0,擅长：白血病，淋巴瘤，骨髓瘤，骨髓增生异常综合征，再生...,暂无排班
于浩泳,主任医师,内分泌代谢科,上海市第六人民医院,9.8,擅长：内分泌常见病、少见内分泌疾病诊治及糖尿病手术治疗...,暂无排班
王启贤,主任医师,心脏内科,昆明医科大学第一附属医院,10.0,擅长：心血管病临床及冠心病及先天性心脏病介入诊治，高血...,￥300
沈雳,主任医师,心内科高级专家门诊,复旦大学附属中山医院,9.9,擅长：冠心病介入治疗、顽固性高血压治疗,未开通
李航,主任医师,肾内科,北京协和医院,10.0,擅长：慢性肾炎，IgA肾病，膜性肾病，狼疮性肾炎，糖尿...,暂无排班
于世龙,主任医师,心血管内科,华中科技大学同济医学院附属协和医院,9.9,擅长：冠心病、高血压、心律失常、血脂异常、胸痛、心悸,￥100
杨晓,主任医师,肾内科,华中科技大学同济医学院附属协和医院,9.9,擅长：肾脏病、原发性肾小球疾病、继发性肾小球疾病、狼疮...,未开通
马剑英,主任医师,心内科,复旦大学附属中山医院,9.1,擅长：冠心病介入治疗及高血压的诊治,未开通
陈小东,主任医师,呼吸科,复旦大学附属华山医院,9.7,擅长：肺部结节、肺癌、慢性咳嗽、哮喘、慢阻病、肺纤维化...,￥1000
褚章波,副主任医师,血液科专家,华中科技大学同济医学院附属协和医院,10.0,擅长：白血病、淋巴瘤、骨髓瘤等血液系统恶性肿瘤和其它血...,￥500
阎嶂松,副主任医师,血液内科,中国医学科学院血液病医院（血液学研究所）,10.0,擅长：从事血液系统疾病的临床诊断和治疗、造血干细胞移植...,￥200
黄金波,副主任医师,血液内科,中国医学科学院血液病医院（血液学研究所）,9.9,擅长：再生障碍性贫血、骨髓增生异常综合症，纯红细胞再生...,￥300
高波涛,副主任医师,先天性心脏瓣膜疾病,上海儿童医学中心,10.0,擅长：各类小儿先天性心脏病的外科治疗。包括简单先心病如...,￥120
王彦丽,副主任医师,肝炎门诊,中国医科大学附属第一医院,10.0,擅长：各种肝病，包括病毒性肝炎，肝硬化，重症肝病及各种...,未开通
李建平,副主任医师,血液内科,中国医学科学院血液病医院（血液学研究所）,9.9,擅长：各种类型贫血，再生障碍性贫血，溶血性贫血，纯红细...,￥200
郑汝桦,副主任医师,消化内科,南京鼓楼医院,10.0,擅长：胃肠镜操作，胃肠道疾病内镜下治疗，胆道系统疾病（...,￥30
张林昊,主治医师,消化内科,四川大学华西医院,10.0,擅长：消化内科常见病、多发病（例如消化不良、慢性胃炎、...,未开通
陈秀梅,副主任医师,心血管内科,江苏省人民医院,10.0,擅长：甲流奥司他韦处方、长新冠后遗症（新冠感染后胸闷、...,￥159
刘艳,副主任医师,老年病内科,西京医院,9.9,擅长：从事老年病科临床工作10余年，擅长老年高血压，冠...,未开通
全俊,主任医师,感染病科,中南大学湘雅医院,9.8,擅长：乙肝，丙肝及各种肝硬化，不明原因肝功能异常，脂...,暂无排班
曹桂花,副主任医师,老年病内科,西京医院,9.9,擅长：老年冠心病、心衰、高血压、糖尿病、肺部相关疾病、...,￥98
潘超,主治医师,神经内科,华中科技大学同济医学院附属同济医院,10.0,擅长：脑梗死，脑出血，周围神经病，抑郁焦虑，癫痫，帕金...,未开通
亢园园,主治医师,门诊高血压,上海交通大学医学院附属瑞金医院,10.0,擅长：高血压病因筛查，高血压优化治疗，继发性高血压的诊...,未开通
张艳,主任医师,神经内科诊室,哈尔滨医科大学附属第一医院,10.0,擅长：脑血管病、周围神经病变、帕金森病和老年性痴呆。,暂无排班
杨雅琪,主治医师,过敏反应科,华中科技大学同济医学院附属同济医院,10.0,擅长：呼吸道过敏性疾病（过敏性哮喘，过敏性鼻炎，过敏性...,未开通
沈子妍,主治医师,肾病科,复旦大学附属中山医院,10.0,擅长：痛风与高尿酸肾病、肿瘤相关肾损伤,未开通
俞一飞,主治医师,内分泌科,复旦大学附属华山医院,10.0,擅长：针对糖尿病、甲状腺疾病、垂体瘤等内分泌疾病有丰富...,暂无排班
高峰,主任医师,内分泌科(普),华中科技大学同济医学院附属协和医院,10.0,擅长：身材矮小症、肥胖症、肥胖型糖尿病、甲状腺疾病等,￥200
王从容,主任医师,内分泌科,上海市第四人民医院,9.6,擅长：家族遗传性糖尿病、肥胖病、线粒体基因突变糖尿病的...,￥300
黄宗文,主任医师,消化内科专科门诊(温江),四川大学华西医院,9.9,擅长：中西医结合治疗重症急性胰腺炎、肠梗阻、胃肠动力障...,暂无排班
崔乐,主治医师,变态反应科,北京协和医院,10.0,擅长：过敏性鼻炎、咳嗽、哮喘、荨麻疹、湿疹、皮肤过敏、...,￥150
张东华,主任医师,造血干细胞专病,华中科技大学同济医学院附属同济医院,9.9,擅长：各种血液病，特别是恶性血液病（如急性、慢性白血病...,￥100
黄伟,主任医师,血液内科,华中科技大学同济医学院附属同济医院,9.9,擅长：白血病，淋巴瘤，骨髓瘤，骨髓增生异常综合症,￥150
于明香,主任医师,内分泌科高级专家门诊,复旦大学附属中山医院,9.9,擅长：内分泌代谢疾病；骨质疏松；糖尿病；甲状腺疾病；垂...,￥980
卢瑗瑗,副主任医师,消化内科,西京医院,10.0,擅长：消化系统肿瘤的诊疗，化疗、分子靶向治疗、免疫治疗...,未开通
黄铁群,主任医师,呼吸病门诊,中日友好医院,10.0,擅长：呼吸系统常见病、疑难病和危重病的诊断治疗如肺炎支...,￥300
黄东,副主任医师,心内科,复旦大学附属中山医院,9.8,擅长：冠心病的介入治疗、心血管疾病的诊断和治疗,未开通
李连喜,主任医师,内分泌代谢科,上海市第六人民医院,10.0,擅长：肥胖、糖尿病及其并发症、甲亢、甲减、甲状腺炎、甲...,未开通
贺德志,主任医师,消化内科(河医院区),郑州大学第一附属医院,10.0,擅长：食管癌、胃癌、结肠癌、肝癌等消化道肿瘤的诊疗，对...,￥100
张玉洁,主治医师,消化内科,西京医院,10.0,擅长：专注炎症性肠病（溃疡性结肠炎、克罗恩病）的诊治。,￥100
姜珊,主治医师,老年医学科,北京协和医院,,擅长：老年常见慢病的诊治，常见老年综合征的管理，如营养...,暂无排班
吴亚哲,主任医师,心内科,中国医学科学院阜外医院,9.9,擅长：心血管疾病，各种高血压、难治性高血压和继发性高血...,未开通
石亮亮,副主任医师,消化内科,南京鼓楼医院,10.0,擅长：常见消化道疾病的诊断治疗，胃食管反流病，反流性食...,未开通
赵军,主任医师,内分泌科(普),华中科技大学同济医学院附属协和医院,9.9,擅长：泌尿系肿瘤、肾囊肿去顶、肾上腺肿瘤切除、肾上腺切...,暂无排班
缪连生,副主任医师,消化内科,甘肃省第二人民医院,10.0,擅长：从事消化及消化内镜30余年。在消化及消化内镜下各...,￥38
高路,副主任医师,心血管内科(河医院区),郑州大学第一附属医院,10.0,擅长：郑州大学第一附属医院心血管内科(河医院区)副主任...,未开通
马东霞,主治医师,过敏反应科,华中科技大学同济医学院附属同济医院,10.0,擅长：过敏性哮喘，过敏性鼻炎，过敏性咳嗽，鸡蛋牛奶等食...,未开通
洪墨纳,主治医师,门诊高血压,上海交通大学医学院附属瑞金医院,10.0,擅长：高血压病因筛查、诊断及治疗；高血压优化治疗。,未开通
吴世洪,副主任医师,内科,达州市达川区疾病预防控制中心附属医院,10.0,擅长：内科，儿科常见病多发病及疑难杂症的诊治，态度和善...,￥100
关熠,主治医师,肾内科,复旦大学附属华山医院,10.0,擅长：肾内科常见疾病,￥199
刘士莹,主任医师,干部保健科,天津医科大学总医院,,擅长：内分泌，尤其是老年糖尿病，呼吸，感染，心血管疾病...,暂无排班
宿燕岗,主任医师,心内科高级专家门诊,复旦大学附属中山医院,9.4,擅长：心力衰竭、心脏起搏诊治,未开通
刘向阳,副主任医师,内分泌科,西京医院,10.0,擅长：糖尿病、肥胖症、痛风、高尿酸血症及相关并发症的诊...,￥300
汤荟冬,主任医师,门诊神内,上海交通大学医学院附属瑞金医院,9.8,擅长：记忆力减退、癫痫,未开通
杨珍,副主任医师,过敏免疫科,上海儿童医学中心,9.9,擅长：对小儿常见疾病、及小儿内科、小儿过敏免疫等疾病的...,未开通
苏欣,主任医师,内分泌科门诊,中南大学湘雅二医院,9.9,擅长：糖尿病、肾上腺疾病、甲状腺疾病、性腺及垂体疾病、...,未开通
严志聪,主治医师,神经科,中山大学附属第一医院,10.0,擅长：头晕、各种头痛及脑血管疾病，失眠等多发病，常见病,未开通
薛喜锐,主任医师,呼吸内科,甘肃省第二人民医院,10.0,擅长：慢性阻塞性肺疾病、支气管哮喘、肺结核、各种肺炎及...,￥40
张文俐,主治医师,心血管内科,上海交通大学医学院附属瑞金医院,10.0,擅长：心血管常见病，冠心病、心梗、先天性心脏病、心力衰...,未开通
陈波,副主任医师,心血管内科,郑州大学附属郑州中心医院,10.0,擅长：高血压、晕厥、冠心病心绞痛、心肌梗死、心律失常、...,￥199
宋淑萍,主任医师,内分泌科,天津医院,10.0,擅长：糖尿病，甲状腺疾病，痛风，慢病管理常见内科疾病,￥60
何晓敏,副主任医师,心血管专科,上海儿童医学中心,10.0,擅长：国内率先开展先天性心脏病的微创与美容外科一体化治...,未开通
安立新,主任医师,过敏反应诊室,哈尔滨医科大学附属第一医院,10.0,擅长：运用变态反应学、耳鼻咽喉学科和皮肤科临床诊断技术...,未开通
李诗贤,副主任医师,内科,滕州市中医医院,10.0,擅长：内科系统常见病多发病，及疑难杂症的诊疗，对心血管...,￥20
孙静媛,主任医师,肝病中心,北京地坛医院,10.0,擅长：各类传染病，肝病。,未开通
王汉民,副主任医师,肾病内科,西京医院,10.0,擅长：难治性肾病综合征，lgA肾病，糖尿病肾病，狼疮性...,未开通
关媛媛,副主任医师,过敏反应诊室,哈尔滨医科大学附属第一医院,10.0,擅长：过敏性鼻炎，过敏性哮喘，荨麻疹，湿疹，接触性皮炎...,未开通
贺慧鹏,副主任医师,消化内科,中南大学湘雅医学院附属株洲医院,10.0,擅长：对消化内科疾病和内镜下疾病的诊治方面有特长。慢性...,￥80
王爱华,主任医师,呼吸内科,山东大学齐鲁医院,10.0,擅长：呼吸系统疑难疾病的诊断和危重病的抢救,暂无排班
王洪华,主治医师,内分泌科,丽水微医互联网医院,10.0,擅长：甲状腺机能亢进、皮炎，湿疹，皮肤性病，2型糖尿病...,暂无排班
张宸,主治医师,普通内科,六安市中医院,10.0,擅长：脑血管病、脑梗死、脑血栓形成、脑出血、蛛网膜下腔...,￥60
陆浩,副主任医师,心内科,复旦大学附属中山医院,9.9,擅长：冠心病的药物及介入治疗,暂无排班
骆翔,主任医师,神经内科,华中科技大学同济医学院附属同济医院,9.7,擅长：脑血管疾病(特别是缺血性脑血管病的介入诊断和治疗...,暂无排班
邵英起,主任医师,血液内科,中国医学科学院血液病医院（血液学研究所）,10.0,擅长：长期从事贫血性疾病诊疗工作，对伴有贫血的各种血液...,￥300
田磊,主任医师,心内科,首都医科大学附属北京安贞医院,9.9,擅长：冠心病介入（支架植入术）治疗。冠心病、急性心梗，...,￥300
权薇薇,副主任医师,门诊心脏,上海交通大学医学院附属瑞金医院,10.0,擅长：冠心病、高血压病、心律失常、心力衰竭、心肌病、高...,未开通
徐昶,副主任医师,心血管内科,华中科技大学同济医学院附属同济医院,10.0,擅长：冠心病、主动脉夹层及外周动脉血管疾病的诊断和介...,未开通
王苓,副主任医师,门诊血液,上海交通大学医学院附属瑞金医院,9.9,擅长：造血干细胞移植，各种常见血液疾病,未开通
赵鸿琛,主治医师,神经内科,复旦大学附属华山医院,9.9,擅长：每周二上午开设“颈动脉/脑动脉狭窄专病门诊”，该...,未开通
张琪,主任医师,神经内科,天津市静海区医院,10.0,擅长：脑血管病、神经肌肉病、神经退行性疾病、神经内科等...,￥200
许莉军,副主任医师,内分泌与代谢病科门诊,郑州大学第一附属医院,10.0,擅长：糖尿病及其急慢性并发症（糖尿病肾病、糖尿病周围神...,未开通
王晶,主治医师,内科,山东省立第三医院,10.0,擅长：有丰富的临床经验，擅长内科常见病、多发病的诊疗。,￥100
李爱新,主任医师,感染科,首都医科大学附属北京佑安医院,10.0,擅长：艾滋病抗病毒治疗、艾滋病机会性感染、HIV暴露后...,暂无排班
周珊珊,主任医师,神经内科诊室,哈尔滨医科大学附属第一医院,10.0,擅长：神经内科常见，多发疾病，主要包括脑血管病，脑梗死...,￥200
高杰,副主任医师,感染病科,哈尔滨医科大学附属第二医院,10.0,擅长：慢性乙肝、丙肝、肝硬化腹水、肝癌、感染性发热、败...,未开通
刘玉建,主治医师,心血管内科,华中科技大学同济医学院附属同济医院,10.0,擅长：从事心脏病诊治工作。医学博士。自参加工作以来一直...,未开通
石治宇,主治医师,心血管内科诊室,哈尔滨医科大学附属第一医院,10.0,擅长：心血管内科诊室类常见疾病,未开通
李贲,副主任医师,肝病中心,北京地坛医院,10.0,擅长：新型冠状病毒感染，乙肝、丙肝抗病毒治疗，乙肝母婴...,未开通
邵菲菲,主治医师,内分泌糖尿病科,甘肃省人民医院,10.0,擅长：糖尿病、甲亢、甲减、甲状腺结节、库欣综合征、矮小...,暂无排班
顾晓萌,副主任医师,消化内科,山东大学齐鲁医院,10.0,擅长：激光共聚焦内镜、胶囊内镜诊断治疗技术,暂无排班
王晓琴,主任医师,心血管专科,淮北市人民医院,10.0,擅长：高血压，高脂血症，高尿酸血症，冠心病，扩张性心肌...,暂无排班
张家利,主任医师,心内科,北京积水潭医院回龙观院区,,擅长：冠心病、心肌梗死、高血压病、心力衰竭、心律紊乱、...,未开通
董增胜,主治医师,内科,日照市中医医院,10.0,擅长：内科类常见疾病，中医内科妇科男科疾病，如冠心病，...,暂无排班
周琦,副主任医师,消化肠病专科,华中科技大学同济医学院附属同济医院,10.0,擅长：慢性萎缩性胃炎等癌前病变、内镜下消化道早期肿瘤的...,暂无排班
杨铁生,主任医师,风湿免疫科,北京大学人民医院,9.8,擅长：风湿性疾病包括类风湿关节炎、干燥综合征、系统性红...,￥500
方跃华,主任医师,门诊心脏,上海交通大学医学院附属瑞金医院,10.0,擅长：心衰心肌病、心脏瓣膜病、肿瘤治疗后心脏损伤的诊治,￥800
胡嘉禄,主治医师,心内科,复旦大学附属中山医院,9.7,擅长：擅长各类心血管疾病（高血压、冠心病、高血脂、房颤...,未开通
李红,主治医师,消化内科,西京医院,9.8,擅长：消化不良，反酸，打嗝，烧心，病毒性肝炎，乙肝，丙...,未开通
徐迎阳,住院医师,变态反应科,北京协和医院,10.0,擅长：过敏性鼻炎，哮喘，荨麻疹，湿疹，接触性皮炎。,暂无排班
王成美,副主任医师,血液内科,枣庄市立医院,10.0,擅长：各种贫血、急慢性白血病及多发性骨髓瘤诊断与治疗、...,￥30
王俊,副主任医师,心内科(专家),上海交通大学附属第一人民医院松江南院,10.0,擅长：冠心病、高血压、代谢综合症、心力衰竭、心律失常等...,￥100
关婧,副主任医师,心血管内科,丽水微医互联网医院,10.0,擅长：心血管内科常见疾病的诊治，如冠心病、高血压的药物...,暂无排班
李成支,主治医师,呼吸内科,西安市红会医院,10.0,擅长：上呼吸道疾病，感冒，流行性感冒，咽炎，喉炎，咽喉...,￥39
何军衡,主治医师,消化内科,甘肃省第二人民医院,10.0,擅长：消化系统疾病，特别是消化道疑难危重的抢救消化道...,￥50
徐庆年,主任医师,感染科,上海市公共卫生临床中心金山总部,10.0,擅长：新型冠状病毒感染，慢性病毒性肝炎（乙型，丙型），...,￥200
蒋叔星,副主任医师,心血管内科,三明市第一医院,10.0,擅长：高血压、高脂血症、冠心病、心律失常、糖尿病、高尿...,￥48
姚园,副主任医师,心血管内科,武汉大学人民医院,10.0,擅长：.心血管内科等相关疾病的治疗,未开通
郭艳茹,主治医师,内科,辽宁医学院附属第三医院,10.0,擅长：常见内科相关疾病,￥49
刚毅,主治医师,传染科,唐都医院,10.0,擅长：病毒性肝炎、肝脏占位性病变/肿瘤、发热、艾滋病的...,暂无排班
张爱森,副主任医师,老年内分泌科门诊,江苏省人民医院,10.0,擅长：内分泌科常见疾病的诊断与治疗，包括骨质疏松，甲状...,未开通
任冬梅,副主任医师,内分泌科,中国人民解放军联勤保障部队第九六〇医院,10.0,擅长：糖尿病，甲亢甲减，高血脂，高血压，冠心病，脑梗塞...,暂无排班
吴海武,主任医师,消化内科,赣州市人民医院,10.0,擅长：对消化内科专业的疾病的治疗，尤其是老年性消化性疾...,￥888
李静波,副主任医师,感染科,中国医科大学附属第一医院,,擅长：呼吸道、泌尿系、消化道感染及发热疾病的诊断及治疗...,未开通
邵凌云,主任医师,感染发热,复旦大学附属华山医院,9.7,擅长：专长发热待查、中枢神经系统感染、泌尿系统感染、E...,未开通
孙为豪,主任医师,老年消化内科门诊,江苏省人民医院,9.8,擅长：消化内科各种疾病的诊治，尤其慢性胃炎的合理用药，...,￥150
周宁,副主任医师,消化内科,浙江大学医学院附属第一医院,9.9,擅长：胃食管反流病、消化性溃疡、胃炎、消化道出血、消化...,￥280
陈苗,副主任医师,血液内科,北京协和医院,10.0,擅长：再生障碍性贫血、骨髓增生异常综合征、溶血性贫血、...,未开通
陈伟光,副主任医师,消化内科,北京协和医院,9.9,擅长：胃食管反流病、反流性食管炎、胃肠功能性疾病（如肠...,未开通
苏冠华,副主任医师,心血管内科,华中科技大学同济医学院附属协和医院,9.9,擅长：冠心病、高血压、心肌病、心力衰竭、血脂异常、心律...,未开通
赖荣陶,副主任医师,门诊感染病,上海交通大学医学院附属瑞金医院,9.9,擅长：药物性肝损伤、各类病毒性肝炎、脂肪肝等,未开通
孙虹,副主任医师,神经内科,首都医科大学宣武医院,9.8,擅长：帕金森病、青年帕金森病、各种帕金森综合征（包括进...,￥500
裴颖皓,副主任医师,普内科(高级50）,江苏省中医院,10.0,擅长：新冠后遗症，失眠，疲劳，乏力，慢性咳嗽等中医药调...,￥100
朱彤莹,主任医师,肾内科,复旦大学附属华山医院,8.7,擅长：腹膜透析及其并发症的诊治；各种原发及继发性肾小球...,￥200
冯高科,副主任医师,心血管内科,武汉大学人民医院,9.9,擅长：疾病诊治擅长：高血压病、冠心病、心衰、心律失常、...,￥79
刘召军,主治医师,呼吸与危重症医学科,上海交通大学医学院附属瑞金医院,10.0,擅长：重症医学科的相关疾病，如多脏器衰竭、急性重症胰腺...,暂无排班
马晓蕾,副主任医师,风湿免疫科,南京鼓楼医院,9.9,擅长：类风湿关节炎、强直性脊柱炎、系统性红斑狼疮、干燥...,未开通
徐臣年,主治医师,心脏内科,西京医院,10.0,擅长：心脏瓣膜病、先天性心脏病、主动脉夹层动脉瘤，主动...,￥50
余献平,副主任医师,肾脏病,浙江大学医学院附属第一医院,9.9,擅长：各种原发和继发慢性肾小球肾炎（IgA肾病、膜性肾...,￥60
李同斌,主治医师,心脏内科,西京医院,9.9,擅长：先天性心脏病的诊断及介入封堵治疗，肺动脉高压的诊...,未开通
张有志,副主任医师,呼吸科,复旦大学附属华山医院,10.0,擅长：慢性咳嗽的诊断和治疗；肺部结节的良恶性鉴别；肺癌...,暂无排班
颜炳柱,主任医师,感染病科,哈尔滨医科大学附属第二医院,10.0,擅长：各种肝病；艾滋病的阻断与暴露；狂犬病的阻断与暴露...,￥100
付建芳,副主任医师,内分泌科,西京医院,10.0,擅长：糖尿病及其并发症。内分泌高血压甲状腺疾病痛风生长...,未开通
庄严,主治医师,传染科,唐都医院,10.0,擅长：乙肝、丙肝、肝硬化及各种不明原因肝炎、黄疸等，以...,￥50
潘凯,副主任医师,急诊内科门诊,徐州市中心医院,10.0,擅长：心内科，神经内科，内分泌科，皮肤科常见病高血压，...,￥59
单敏,主治医师,神经内科,泰安市中心医院,10.0,擅长：脑血管病、脑梗死、脑血栓形成、脑出血、蛛网膜下腔...,￥50
李家速,主治医师,消化内科,上海长海医院,10.0,擅长：消化系统常见病的诊断和治疗，幽门螺杆菌感染，急慢...,暂无排班
严绍南,副主任医师,呼吸科,浙江省立同德医院,10.0,擅长：肺部感染性疾病，肺结节的鉴别诊断，慢性阻塞性肺疾...,￥59
杨松,副主任医师,内分泌二科,泰安市中心医院,10.0,擅长：糖尿病及其急、慢性并发症、下丘脑垂体疾病、甲状腺...,￥50
张丽,主治医师,内科,山东省立第三医院,10.0,擅长：甲状腺疾病，糖尿病，高尿酸血症(痛风)，高脂血症...,￥100
窦爱霞,主任医师,血液内科,山东大学第二医院,10.0,擅长：白血病、淋巴瘤、骨髓瘤等血液肿瘤的诊断与治疗，针...,暂无排班
程琤,主治医师,内科,山东省立第三医院,10.0,擅长：内科常见病的诊疗，尤其消化系统常见病，食管、胃肠...,￥100
曾芳芳,主治医师,内分泌科,复旦大学附属华山医院,10.0,擅长：甲状腺疾病(甲减、甲亢、甲状腺结节、甲状腺炎等)...,暂无排班
李孝锋,主治医师,传染科,唐都医院,10.0,擅长：病毒性肝炎、肝炎肝硬化、自身免疫性肝病、非酒精性...,暂无排班
郝志民,主治医师,感染性疾病科,菏泽市中医医院,10.0,擅长：治疗小儿疱疹性咽峡炎、感冒、咳嗽、发热、急慢性肝...,￥68
黄嵘,主任医师,神经内科,南京鼓楼医院,9.9,擅长：脑血管病、帕金森病、神经及肌肉病、神经遗传病的诊...,暂无排班
蒋玲,主任医师,内分泌科,山东大学齐鲁医院,10.0,擅长：糖尿病及并发症、骨质疏松症、甲状腺疾病、生长发育...,暂无排班
张传英,副主任医师,内分泌科,天津市武清区中医医院,10.0,擅长：糖尿病，糖尿病周围神经病变，糖尿病肾病，糖尿病视...,￥30
刘兵城,主任医师,血液内科,中国医学科学院血液病医院（血液学研究所）,9.9,擅长：血液病的诊治，包括血液恶性疾病、骨髓增殖性肿瘤、...,￥500
程斌,主任医师,消化内科,华中科技大学同济医学院附属同济医院,9.8,擅长：各种肝病（脂肪肝、肝硬化与肝癌）、胰腺疾病与功能...,暂无排班
秦胜梅,副主任医师,心内科,复旦大学附属中山医院,9.8,擅长：心动过缓、心衰、晕厥或恶性心律失常的诊断和治疗，...,未开通
柏愚,副主任医师,消化内科,上海长海医院,9.9,擅长：胃、结肠、胰腺、胆道疾病的内镜诊断与治疗，包括胃...,￥999
段明辉,主任医师,血液内科,北京协和医院,10.0,擅长：白血病慢性淋巴细胞白血病，淋巴瘤贫血干细胞...,暂无排班
黄安斌,主任医师,风湿科,华中科技大学同济医学院附属协和医院,9.8,擅长：风湿性疾病、风湿性关节炎、自身免疫性疾病、系统性...,￥600
张静,主任医师,血液内科,中国医学科学院血液病医院（血液学研究所）,9.9,擅长：多年从事关于再生障碍性、溶血性贫血、骨髓增生异常...,￥200
黄岩,副主任医师,心内科,中国医学科学院阜外医院,10.0,擅长：善于中西医结合治疗风湿性心脏病，心律失常，心肌病...,未开通
段力平,主任医师,风湿免疫科(内科新冠门诊),中南大学湘雅医院,9.3,擅长：风湿免疫科相关疾病,未开通
施均,主任医师,血液内科,中国医学科学院血液病医院（血液学研究所）,9.9,擅长：主要研究再生障碍性贫血、骨髓增生异常综合征诊断与...,￥500
张璐,副主任医师,血液科专家,华中科技大学同济医学院附属协和医院,10.0,擅长：血液科贫血和淋巴瘤等相关疾病的治疗,未开通
周红梅,主任医师,冠心病/大血管,武汉亚洲心脏病医院,9.9,擅长：各类简单、复杂先天性心脏病的诊断、评估及治疗方案...,未开通
李群,副主任医师,肾脏病,浙江大学医学院附属第一医院,10.0,擅长：慢性肾小球肾炎、IgA肾病、狼疮性肾炎、慢性肾功...,￥120
张敏敏,主任医师,肾内科,复旦大学附属华山医院,9.8,擅长：各类急慢性肾病，糖尿病肾病，慢性肾功能衰竭及尿毒...,未开通
李东杰,副主任医师,老年医学科,中南大学湘雅医院,10.0,擅长：前列腺疾病，阳痿早泄，更年期综合征，不育,￥600
孙达龙,副主任医师,消化科,复旦大学附属中山医院,9.9,擅长：擅长消化系统相关疾病的规范化诊疗，尤其是各种病因...,￥200
沈春玲,副主任医师,普通内科,宁波市医疗中心李惠利医院,10.0,擅长：内科各种常见病、多发病的诊治，尤其在糖尿病、高血...,￥40
何云,主治医师,消化内分泌科,随州市中心医院,10.0,擅长：常见消化内科相关疾病，比如反流性食管炎，胃炎，胃...,暂无排班
温顺祝,主治医师,血液内科,成都市第一人民医院,10.0,擅长：内科常见疾病，如感冒，高血压，糖尿病等，血液内科...,暂无排班
颜承尧,副主任医师,内科,滕州市中医医院,10.0,擅长：从事内科临床工作30余年，临床经验丰富，擅长内科...,暂无排班
汪鹏,主治医师,内科,铜陵市立医院,10.0,擅长：急性化脓性扁桃腺炎、肥胖合并脂肪肝、支气管炎、过...,暂无排班
李明,副主任医师,消化内科,武汉大学人民医院,10.0,擅长：功能性胃肠病、萎缩性胃炎、消化性溃疡、腹水、消化...,￥100
何汝敏,主任医师,门诊心脏,上海交通大学医学院附属瑞金医院,9.8,擅长：心血管系统各种危重疾病与疑难病例，包括冠心病，心...,￥300
吴媛媛,副主任医师,过敏反应科,华中科技大学同济医学院附属同济医院,9.8,擅长：产前遗传咨询及产前诊断、复发性流产、高危妊娠的临...,暂无排班
贾卫国,副主任医师,心脏内科,四川大学华西医院,10.0,擅长：合并糖尿病、甲亢等内分泌疾患的心血管病的诊治。,暂无排班
刘志敏,主任医师,心内科,中国医学科学院阜外医院,9.9,擅长：起搏器，ICD，CRT/CRTD植入及随访，心律...,￥500
卢新政,主任医师,二院心血管科门诊,江苏省人民医院,10.0,擅长：各类心脏病的诊治，尤其是高血压病、冠心病、高血脂...,￥300
刘尚勤,主任医师,血液科,武汉大学中南医院,10.0,擅长：多发性骨髓瘤、骨髓增生异常综合征、难治性贫血、慢...,￥50
卢放根,主任医师,消化内科门诊,中南大学湘雅二医院,10.0,擅长：消化系统疾病诊治，尤其是肝硬化失代偿期和炎性肠病...,暂无排班
张朝香,主任医师,心内科,首都医科大学附属北京安贞医院,10.0,擅长：冠心病、心律失常、心肌炎、心肌病、心力衰竭、高血...,￥200
张家源,副主任医师,血液内科,中国医学科学院血液病医院（血液学研究所）,9.3,擅长：白血病，淋巴癌，多发性骨髓瘤，再生障碍性贫血，免...,￥100
钱卫冲,主任医师,二院心血管科门诊,江苏省人民医院,9.9,擅长：对高血压病、血脂异常、冠心病心绞痛心肌梗塞、心律...,未开通
陈芳,主任医师,呼吸与危重症医学科,宁夏医科大学总医院,10.0,擅长：支气管哮喘、肺癌、COPD、肺栓塞、肺部感染等诊...,暂无排班
龚建,住院医师,消化内科门诊,中南大学湘雅二医院,9.9,擅长：本人在湘雅二医院从事消化内科工作，擅长胃炎，肠炎...,￥40
朱争凤,副主任医师,心血管内科,华中科技大学同济医学院附属协和医院,9.9,擅长：心血管内科常见疾病诊断与治疗。,￥100
李正良,主任医师,消化内科,西安交通大学第一附属医院,9.9,擅长：消化内科疾病与感染性疾病的诊断与治疗;特别是对各...,￥50
辛海光,副主任医师,门诊感染病,上海交通大学医学院附属瑞金医院,10.0,擅长：肝硬化肝衰竭诊治、肝脏肿瘤诊断评估及综合治疗,未开通
吴鹏波,主治医师,消化内科,武汉大学人民医院,10.0,擅长：武汉金银潭支援新冠三个月，擅长胃炎(腹痛)，消化...,￥150
曹金霞,主任医师,神经内科,连云港市第二人民医院东院,10.0,擅长：头痛，头晕，脑卒中，失眠，焦虑，抑郁及各种躯...,￥60
邵耘,主任医师,老年消化内科门诊,江苏省人民医院,10.0,擅长：擅长胃食管反流病、慢性胃炎、幽门螺杆菌感染、消化...,￥200
高旭光,主任医师,神经内科,北京大学人民医院,9.9,擅长：成人神经内科疾病：脑血管病、癫痫、头痛等，神经内...,￥150
冯思玮,主治医师,呼吸科,华中科技大学同济医学院附属协和医院,10.0,擅长：肺炎，肺结节，肺结核，肺气肿，肺大泡，肺癌，支气...,未开通
官振标,副主任医师,呼吸内科,上海长海医院,10.0,擅长：肺部良恶性肿瘤的诊断及规范化治疗，慢阻肺、支气管...,￥300
张琴,主任医师,内科,山东省立第三医院,10.0,擅长：急、慢性肾炎；肾病综合征(膜性肾病、IgA肾病等...,￥50
苏琳,副主任医师,消化内科,北京大学人民医院,10.0,擅长：1、非病毒性肝病，包括自身免疫性肝病，脂肪肝等诊...,暂无排班
陈立颖,主任医师,心内科,首都医科大学附属北京安贞医院,10.0,擅长：冠心病、高血压临床治疗；心血管重症疾病的临床诊断...,暂无排班
费朝霞,主任医师,内分泌科,青岛市海慈医疗集团,9.9,擅长：内分泌糖尿病等代谢性疾病的临床诊治和各种内科急症...,￥100
叶蕾,副主任医师,血液内科,中国医学科学院血液病医院（血液学研究所）,10.0,擅长：血液系统疾病诊治，尤其是红细胞疾病：再生障碍性贫...,￥200
白玉焕,副主任医师,消化内科,聊城市第二人民医院,10.0,擅长：消化内科常见疾病及疑难杂症的诊断及治疗，肝病及肠...,￥50
卢联合,主任医师,感染科,北京地坛医院,10.0,擅长：各种肝病，艾滋病，感染性疾病。,未开通
王萍,副主任医师,风湿免疫科,大连市友谊医院,10.0,擅长：痛风性关节炎、类风湿性关节炎、红斑狼疮、骨质增生...,￥30
李福刚,副主任医师,神经内科,天津市静海区医院,10.0,擅长：焦虑抑郁症、脑血管病（脑出血、脑梗死、静脉窦血栓...,￥129
郭公新,主任医师,消化科,解放军总医院第五医学中心（原307医院）,10.0,擅长：消化内镜下的诊断和治疗、如內镜下止血、息肉的切除...,￥200
朱小明,主治医师,内分泌科,复旦大学附属华山医院,10.0,擅长：血糖的精细化和个体化管理、肥胖症的鉴别诊断和治疗...,￥259
郭元虎,主任医师,消化内科,包头医学院第一附属医院,10.0,擅长：消化系统疾病（消化道和肝胆胰）常见病多发病及疑难...,未开通
张强,主治医师,内科,山东省立第三医院,10.0,擅长：擅长临床常见疾病的诊断和治疗，比如消化系统，呼吸...,￥20
邵暄茗,主治医师,呼吸内科,大连市中西医结合医院,10.0,"擅长：呼吸内科疾病的诊治,尤其是慢阻肺、哮喘、肺癌",暂无排班
段淑荣,主任医师,神经内科诊室,哈尔滨医科大学附属第一医院,10.0,擅长：脑血管疾病（脑出血、肺梗塞、血管性痴呆、静脉窦血...,未开通
张萌萌,住院医师,感染病科,哈尔滨医科大学附属第二医院,10.0,擅长：感染类相关疾病,未开通
杨俊峰,副主任医师,神经内科,天津医科大学总医院,10.0,擅长：天津医科大学总医院神经内科主治医师，擅长帕金森病...,￥100
张凡凡,主治医师,心血管内科,泰安市中心医院,10.0,擅长：疑难心电图及起搏器心电图分析，高血压及冠心病治疗...,￥30
林楠,主治医师,消化内科,莆田学院附属医院,10.0,擅长：消化系统常见病、多发病、危重症疾病的诊治，如十二...,未开通
曹宏春,副主任医师,消化内科,赤峰市医院,10.0,擅长：消化内科，胃食道反流病，幽门螺杆菌感染，胃炎，肠...,暂无排班
王晶,主治医师,风湿免疫科,中国人民解放军联勤保障部队第962医院,10.0,擅长：风湿免疫科类相关疾病、中医中药治疗消化、心脏、泌...,￥39
周佳君,副主任医师,神经内科,杭州市第六人民医院,10.0,擅长：擅长眩晕症，周围神经病变，脑血管病，睡眠障碍，痴...,￥50
韩锐,副主任医师,呼吸内科,合肥市第一人民医院,10.0,擅长：呼吸系统疾病，包括肺部肿瘤，感染、呼吸危重症、慢...,￥100
陈琦,主治医师,消化科,复旦大学附属中山医院,,擅长：消化科相关疾病,￥200
李静,主任医师,老年综合内科二,哈尔滨医科大学附属第二医院,10.0,擅长：老年心脑血管病，高血压，老年糖尿病，骨质疏松，认...,暂无排班
廖彬,副主任医师,呼吸科,九江市第一人民医院,10.0,擅长：感染性疾病特别是肺部感染的诊治，慢阻肺、呼吸衰竭...,￥39
车明文,主治医师,感染科,中国人民解放军新疆军区总医院,10.0,擅长：乙肝，结核等传染性疾病的治疗,未开通
刘宜平,主治医师,内科,宜昌优抚医院,10.0,擅长：常见内科相关疾病,￥20
王琳,副主任医师,血液科,山东大学齐鲁医院,,擅长：对各种临床常见、疑难血液病具有较高的诊疗水平，特...,暂无排班
李善群,主任医师,呼吸内科,复旦大学附属中山医院,9.4,擅长：鼾症、肺气肿、哮喘、肺部肿瘤的诊治、呼吸衰竭抢救...,￥800
张鹏,主任医师,肾病内科,西京医院,10.0,擅长：IgA肾病、肾病综合征、膜性肾病、紫癜性肾炎、...,暂无排班
杨友,副主任医师,行为障碍,上海儿童医学中心,9.9,擅长：儿童孤独症谱系障碍、注意缺陷多动障碍、抽动障碍、...,￥480
刘波,主任医师,消化肿瘤内科,山东省肿瘤医院,10.0,擅长：常见肿瘤的化疗、靶向治疗、内分泌治疗、姑息治疗等...,￥30
张勇,副主任医师,呼吸内科,复旦大学附属中山医院,9.9,擅长：肺癌的化放疗及靶向免疫综合治理肺结节的精准鉴别和...,￥1000
崔国惠,主任医师,血液科专家,华中科技大学同济医学院附属协和医院,10.0,擅长：白血病、淋巴瘤、造血干细胞移植,暂无排班
赵桂宪,副主任医师,神经内科,复旦大学附属华山医院,9.7,擅长：颅内单发/多发病变的诊断和鉴别诊断，专长中枢神经...,￥500
程姝娟,主任医师,心内科,首都医科大学附属北京安贞医院,10.0,擅长：冠心病，血管闭塞，心肌梗死、动脉粥样硬化、心律失...,￥500
高玉霞,主任医师,心脏内科,天津医科大学总医院,10.0,擅长：疑难心血管疾病的诊疗，尤其是高血压、心力衰竭、冠...,￥90
陈芬荣,副主任医师,消化内科,西安交通大学第二附属医院,10.0,擅长：食管、胃、肠及肝胆胰等消化疾病的诊断治疗，熟练掌...,￥50
张佳瑜,主治医师,消化科,上海儿童医学中心,10.0,擅长：小儿消化常见疾病的诊治，包括胃肠炎、消化不良、消...,未开通
陈立,主任医师,消化内科,上海交通大学医学院附属瑞金医院,9.8,擅长：不明原因肝功异常、黄疸、腹水的诊治，擅长各类肝炎...,未开通
王君化,副主任医师,消化内科,西安市人民医院（西安市第四医院）,10.0,擅长：消化系统肿瘤，胃溃疡，反流性疾病，各种肝病、胰腺...,￥60
石敏,主治医师,内分泌科,西京医院,10.0,擅长：糖尿病，甲状腺疾病，高尿酸血症及痛风等内分泌代谢...,未开通
陈希婧,副主任医师,生殖高年专家,浙江大学医学院附属妇产科医院,10.0,"擅长：女性不孕症、妇科内分泌疾病诊治及辅助生育,熟练掌...",未开通
吕媛,主治医师,心内科,首都医科大学附属北京安贞医院,10.0,擅长：冠心病、动脉粥样硬化性疾病、心力衰竭、高血压、高...,未开通
郝敬波,主任医师,老年医学科,徐州医科大学附属医院,10.0,擅长：高血压、糖尿病、冠心病、甲状腺疾病、内分泌疾病、...,￥30
赵雪燕,主任医师,心内科,中国医学科学院阜外医院,,擅长：冠心病、心力衰竭、高血压病、高脂血症的诊治。冠心...,未开通
张东健,副主任医师,神经内科,天津市静海区医院,10.0,擅长：熟练应对内科常见病得诊疗以及心脑血管疾病的鉴别诊...,￥29
汤美,副主任医师,消化内科,常州市第一人民医院,10.0,擅长：常见消化内科疾病：如慢性胃炎、反流性食管炎、消化...,￥40
任丽媛,副主任医师,内分泌科,大连市友谊医院,10.0,擅长：糖尿病饮食运动指导、糖尿病血糖精细调节、胰岛素泵...,￥50
刘盼,主治医师,心血管内一科,威海市妇幼保健院,10.0,擅长：内科常见病、多发病如冠心病、高血压、糖尿病、...,￥80
张磊,主治医师,内科,山东省立第三医院,10.0,擅长：内科常见疾病的诊治，如：水肿蛋白尿血尿高血压等急...,￥100
张富花,主任医师,消化内科,甘肃省第二人民医院,10.0,擅长：消化内科疾病，消化心身疾病，失眠，消化不良，消化...,￥100
赵刚,副主任医师,心内科,复旦大学附属中山医院,10.0,擅长：高危复杂冠心病（心绞痛、心肌梗塞）介入治疗，尤其...,未开通
王薇,副主任医师,感染科,上海儿童医学中心,9.7,擅长：肺炎，哮喘，慢性咳嗽，EB病毒等其它感染性疾病,￥500
郭纪锋,主任医师,神经内科,中南大学湘雅医院,9.8,擅长：帕金森病及运动障碍疾病的临床与治疗；神经变性病与...,暂无排班
施育鹏,主治医师,消化内科,西京医院,9.6,擅长：长期从事消化系统疾病诊治的临床工作，主要方向是胃...,￥60
程敏,副主任医师,心血管内科,华中科技大学同济医学院附属协和医院,10.0,擅长：特殊时期：愿意为新老病友免费提供发热疾病的初步诊...,未开通
姜敏,主任医师,消化内科,中国医科大学附属第一医院,9.9,擅长：食管、胃、肠道、肝、胆、胰腺以及腹腔常见病、多发...,￥100
任昊,主任医师,肾病中心,南方医科大学南方医院,10.0,擅长：各类风湿性疾病的诊治(包括系统性红斑狼疮、类风湿...,未开通
张炯,副主任医师,风湿免疫科,复旦大学附属华山医院,9.7,擅长：皮肌炎（尤其是皮疹及并发症的控制）、红斑狼疮（包...,￥300
苌新明,主任医师,消化内科,西安交通大学第一附属医院,9.8,擅长：各种急、慢性胃炎、胃溃疡、十二指肠溃疡、幽门螺杆...,￥80
谭来勋,主任医师,神经内科,武汉大学人民医院,10.0,擅长：诊治各种神经系统疑难病症；主治各种原因所致失眠，...,￥300
梁彦,副主任医师,内科,天津和平微医医院,10.0,擅长：治疗肺癌的化疗及治疗,未开通
闻杰,主任医师,内分泌科,复旦大学附属华山医院,9.6,擅长：糖尿病及其慢性并发症的综合管理及最新治疗手段精细...,￥500
樊慧慧,主治医师,贫血科,中国医学科学院血液病医院（血液学研究所）,10.0,擅长：再生障碍性贫血，溶血性贫血，骨髓增生异常综合征等...,￥100
刘琦,主治医师,心脏内科,四川大学华西医院,10.0,擅长：心脏内科的相关疾病,￥189
张林杉,主治医师,内分泌科,复旦大学附属中山医院,10.0,擅长： 糖尿病、高血脂、高尿酸血症、肥胖、非酒精性脂肪...,未开通
赖凌云,副主任医师,肾内科,复旦大学附属华山医院,9.7,擅长：20年原发和继发性肾病的诊断和治疗经验，擅长Ig...,未开通
盛杰,主治医师,老年医学科,中南大学湘雅医院,10.0,擅长：房颤、心衰、扩张性心肌病、心肌炎、高脂血症、冠心...,未开通
吉炜,主治医师,心血管专科,上海儿童医学中心,10.0,擅长：儿童心脏病：包括房室传导阻滞、阵发性室上...,未开通
姚薇,副主任医师,心内科,天津医科大学总医院,10.0,擅长：高血压、冠心病、心律失常、心力衰竭等心脏科疾病的...,暂无排班
刘金殿,副主任医师,消化肝病科,甘肃省武威肿瘤医院,10.0,擅长：消化内科疾病的诊断与治疗，掌握熟悉消化内镜的基本...,￥100
李宪乔,主治医师,肾内科,胜利油田中心医院,10.0,"擅长：常见肾病内科疾病诊治,常见肾脏病相关症状(水肿、...",￥100
孙文昊,副主任医师,神经内科,天津医科大学总医院,10.0,擅长：擅长慢性头疼，头晕（眩晕），顽固失眠的物理及药物...,￥60
朱吉安,主治医师,心血管病科,泰安市中医医院,10.0,擅长：中西医结合治疗心血管系统常见病、多发病，如冠心病...,￥20
刁鸿英,主任医师,心血管内科,吉林大学第二医院,10.0,擅长：冠心病(心绞痛、心肌梗死)、高血压、心律失常、心...,暂无排班
徐琳,副主任医师,神经内科,天津医科大学总医院,9.9,擅长：脑梗死及脑缺血性疾病、癫痫、失眠、发作性睡病、日...,￥200
王家旭,主治医师,消化内科,南宁市第一人民医院,10.0,擅长：胃肠镜检查以及胃肠镜下多种疾病的治疗。擅长消化道...,￥50
刘贤忠,主治医师,呼吸内科,宁波市杭州湾医院,9.9,擅长：呼吸科常见疾病，如感冒，咳嗽，肺炎，肺结核，支气...,￥60
李颖,副主任医师,普内科,中国人民解放军联勤保障部队第九六〇医院,9.9,擅长：糖尿病及其各种并发症、甲状腺疾病、肾上腺疾病、垂...,￥68
陈睿,主治医师,老年病内科,西京医院,,擅长：暂无介绍,未开通
潘妩姗,主治医师,肾内科,开封市中心医院,10.0,擅长：肾脏系统疾病，包括泌尿系感染、各种急性、慢性、急...,￥50
张雷,副主任医师,内科,济宁市第四人民医院,10.0,擅长：乙肝、肝炎、肝硬化、高血压、糖尿病等。,暂无排班
江平胤,主治医师,内科,乌镇互联网医院门诊部,10.0,擅长：熟练掌握骨关节损伤、脊柱疾病、神经系统疾病、儿科...,￥60
宋晓鹏,主治医师,综合内科,中国人民解放军第463医院,10.0,擅长：综合内科相关问题,￥80
余炳取,副主任医师,消化内科,浙江中医药大学附属温州中西医结合医院,9.9,擅长：消化科各种疾病，特别是胃食管反流病，慢性便秘，肠...,暂无排班
赵汝星,副主任医师,内分泌科,山东大学齐鲁医院,10.0,擅长：内分泌与代谢性疾病,暂无排班
蒋丽敏,主任医师,内分泌科,北部战区总医院,10.0,擅长：内分泌性疾病：糖尿病、甲状腺疾病、痛风、代谢综合...,未开通
孙鲁生,主治医师,综合内科,秦皇岛市第一医院,10.0,擅长：秦皇岛市第一医院内科主治医师，尤为擅长冠心病的临...,￥50
张炎,副主任医师,血液内科,北京协和医院,9.4,擅长：淋巴瘤，骨髓瘤，白血病，再生障碍性贫血等各种血液...,未开通
王卓群,主治医师,心内科,天津医科大学总医院,10.0,擅长：心内科相关疾病,暂无排班
钱智勇,副主任医师,心血管内科,江苏省人民医院,10.0,擅长：心脏起搏与射频消融,未开通
郝玉明,主任医师,心血管内科,河北医科大学第二医院,10.0,擅长：心血管疾病的诊断和治疗,暂无排班
孙大朋,主治医师,呼吸内科,威海市妇幼保健院,10.0,擅长：呼吸系统常见病、多发病的诊治，尤其擅长冠状病毒肺...,￥50
赵桂平,主治医师,消化内科,首都医科大学附属北京友谊医院,,擅长：幽门螺杆菌感染根除反流性食管炎消化内镜报告解读消...,未开通
李六生,主任医师,肾内科,宜昌市第一人民医院,9.9,擅长：慢性肾功能衰竭、狼疮肾炎、原发性肾病综合征、...,暂无排班
石建邦,副主任医师,呼吸科,九江市第一人民医院,10.0,擅长：呼吸内科常见疾病,未开通
王征,副主任医师,老年病内科,北京大学第三医院,10.0,擅长：老年医学、老年综合评估、老年心血管病及结构性心脏...,暂无排班
周立,主治医师,心内科,上海交通大学附属胸科医院,,擅长：快速性和缓慢性心律失常,暂无排班
顾宇彤,主任医师,呼吸内科,复旦大学附属中山医院,9.7,擅长：呼吸科常见病，慢阻肺、哮喘、肺栓塞、肺部感染、肺...,￥500
袁晓勇,副主任医师,内分泌内科,北京大学第一医院,10.0,擅长：减重饮食和药物，糖尿病，糖尿病高危足筛查，甲状腺...,暂无排班
刘春南,主治医师,心血管内科,哈尔滨医科大学附属第一医院,10.0,擅长：高血压原因的筛查，冠心病心衰疾病的治疗,￥50
赵英帅,主治医师,内科,河南省人民医院,10.0,擅长：体检报告解读、幽门螺旋杆菌感染、高血压、高血脂、...,￥80
俞晶,主任医师,消化内科,汕头大学医学院第一附属医院,10.0,擅长：炎症性肠病（溃疡性结肠炎，克罗恩病），食道、胃肠...,￥199
杨苏乔,副主任医师,呼吸与危重症医学科,首都医科大学附属北京朝阳医院,10.0,擅长：甲流，新型冠状病毒肺炎，肺栓塞，肺动脉高压，慢阻...,￥400
杨德生,主任医师,消化内科,河南省人民医院,9.9,擅长：消化内科常见病，多发病及危急重症疾病的诊治，擅长...,￥50
黄益澄,副主任医师,感染病科,浙江省人民医院,10.0,擅长：各种肝病（包括各种病毒性肝炎，药物性肝炎，酒精性...,￥50
贾红蔚,副主任医师,内分泌科,天津医科大学总医院,10.0,擅长：糖尿病和甲状腺疾病的诊治,￥120
沈赟,主治医师,内分泌代谢科,上海市第六人民医院,10.0,擅长：糖尿病，肥胖，甲状腺疾病，多囊卵巢综合症等内分泌...,￥100
张吉,主治医师,消化内科,上海交通大学医学院附属瑞金医院,9.9,擅长：消化内镜(包括胶囊内镜)、消化道常见疾病的诊断与...,暂无排班
宫克旭,主任医师,心血管内科,天津市静海区医院,10.0,擅长：冠心病（心绞痛、心肌梗死），高血压病，心律失常，...,￥100
刘志杰,主任医师,普内科,山东青岛中西医结合医院,10.0,擅长：中西医结合验方治疗带状疱疹后神经痛，亚健康状态（...,未开通
孙韬,主任医师,心内科,复旦大学附属华山医院,9.7,擅长：擅长心肌缺血、心力衰竭、心律失常的诊治,￥300
梅风君,主任医师,神经内科,河北医科大学第四医院,10.0,擅长：脑血管病的诊断及防治、各种头痛头晕诊治、脱髓鞘疾...,￥80
张晓猛,副主任医师,风湿免疫科,合肥市第一人民医院,10.0,擅长：类风湿性关节炎、强直性脊柱炎、静脉曲张、风湿性关...,￥45
罗莉,主任医师,内分泌科门诊,安徽医科大学第一附属医院高新院区,10.0,擅长：甲亢、加减、甲状腺结节、糖尿病、内分泌疾病的诊断...,￥200
俞小芳,主任医师,肾病科,复旦大学附属中山医院,9.9,擅长：血尿，蛋白尿，慢性肾小球肾炎，尤其是模性肾病，遗...,￥1000
陈伟贤,主任医师,神经内科门诊,江苏省人民医院,9.9,擅长：脑血管病，神经系统变性病，神经系统感染性疾病及周...,￥200
焦成松,副主任医师,感染科肝病,华中科技大学同济医学院附属同济医院,9.8,擅长：各类肝病以及不明原因发热等疑难杂症的诊断和治疗。,￥80
杨勇,副主任医师,心脏内科,西京医院,9.7,擅长：先天性心脏病风湿性心脏病冠状动脉粥样硬化性心...,￥200
邹善华,主任医师,血液科,复旦大学附属中山医院,9.9,擅长：淋巴结肿大、淋巴瘤、各种贫血、多发性骨髓瘤、M蛋...,暂无排班
刘丰,副主任医师,结肠炎专科,广东省中医院大德路总院,9.0,擅长：内科杂病，尤其擅长中西医结合诊治慢性结肠炎、胃炎...,￥200
李锋,主任医师,肺内科,上海交通大学附属胸科医院,9.9,擅长：哮喘、慢阻肺、肺部感染、间质性肺病（肺纤维化）、...,￥228
郭保静,副主任医师,心内科,首都医科大学附属北京安贞医院,9.8,擅长：小儿心律失常诊治、射频消融；先天性心脏病的介入治...,暂无排班
李红,主任医师,心内科,首都医科大学附属北京安贞医院,10.0,擅长：高血压、冠心病、心力衰竭长期治疗，心血管急危重症...,未开通
黄洪锋,主任医师,肾脏病中心门诊,浙江大学医学院附属第一医院,10.0,擅长：肾移植,未开通
陈盛,副主任医师,脉管瘤门诊,上海儿童医学中心,10.0,擅长：微创治疗儿童腹股沟疝、鞘膜积液、生殖器疾病、先天...,￥70
刘艳霞,副主任医师,内分泌与代谢病科(河医院区),郑州大学第一附属医院,10.0,擅长：糖尿病及其急慢性并发症，多囊卵巢综合征、肾上腺性...,未开通
陈波斌,主任医师,血液科,复旦大学附属华山医院,9.9,擅长：主要擅长于各种疑难淋巴瘤、骨髓瘤、白血病、贫血、...,未开通
赵桂鸣,主任医师,内科,天津市第二人民医院,9.9,擅长：长期从事急、慢性肝炎、肝硬化和肝癌等肝脏疾病的临...,暂无排班
刘宏磊,副主任医师,门诊风湿免疫,上海交通大学医学院附属瑞金医院,10.0,擅长：抗磷脂综合症(相关习惯性流产、胎停及多发血栓)...,￥268
王一倩,主任医师,消化内科,复旦大学附属华东医院,10.0,擅长：消化内科疾病的诊治，如幽门螺杆菌感染的治疗，慢性...,暂无排班
陈令松,主任医师,血液科,徐州矿务集团总医院,10.0,擅长：对白血病、淋巴瘤及多发性骨髓瘤等血液肿瘤的规范化...,￥50
祝金泉,主任医师,消化科门诊,南昌大学第一附属医院,10.0,擅长：胃及十二指肠溃疡、慢性胃炎、反流性食管炎、慢性结...,￥200
陈彤,副主任医师,血液肿瘤科,天津医科大学总医院,10.0,擅长：内科系统常见疾病，尤其是血液系统肿瘤的诊疗,未开通
吕永楠,副主任医师,心血管内科,武汉大学人民医院,10.0,擅长：冠心病、心绞痛、高血压、心肌炎、心律失常、房颤、...,未开通
霍亚平,主任医师,肾病科,山西省中医院,10.0,擅长：治疗泌尿系炎症、过敏性紫癜性肾炎、IgA肾病、肾...,￥50
魏永罡,副主任医师,呼吸科,兰州市第一人民医院,10.0,擅长：对呼吸系统疾病如肺部感染、肺恶性肿瘤、支气管哮喘...,￥50
衡定,主治医师,消化内科门诊,江苏省人民医院,10.0,擅长：消化道早癌、胃幽门螺杆菌感染、胃食管反流病、便秘...,暂无排班
刘大文,副主任医师,内分泌科,山西省中医院,10.0,擅长：内分泌科常见疾病诊疗，主要是糖尿病及其并发症，甲...,￥39
何朝荣,主任医师,心血管内科,十堰市太和医院,10.0,擅长：冠心病，心律失常及血栓性疾病防治,未开通
葛幸峰,主治医师,消化内科,宁波市医疗中心李惠利东部医院,9.9,擅长：于消化系统病变，尤其成年胃肠，肝胆方面，擅长临床...,暂无排班
成嘉,主治医师,呼吸内科,甘肃省第二人民医院,10.0,擅长：新冠感染，新冠肺炎救治工作，肺部阴影、小结节，上...,￥30
赖朝辉,副主任医师,心内科,天津市第三中心医院,10.0,擅长：心内科相关疾病，如冠心病、心肌病、心力衰竭、高血...,￥100
张伟,副主任医师,消化科,淮南市第一人民医院,10.0,擅长：消化系统疾病的诊断与治疗消化性溃疡的诊治,未开通
张煜,主任医师,心血管科,复旦大学附属华东医院,9.9,擅长：冠心病、高血压病、各种心律失常、心功能不全、瓣膜...,￥200
周城林,主治中医师,神经内科,利川市民族中医院,10.0,擅长：中西医结合治疗神经系统疾病，如脑血管病（脑梗死、...,￥38
魏文迪,主治医师,感染科,泰安市中医医院,10.0,擅长：擅长中西医结合进行病毒性肝炎，乙肝，丙肝，肝硬化...,￥100
曾艳,主治医师,心内科,娄底市中心医院,9.9,擅长：于冠心病，高血压，心律失常，心肌炎，心肌病，上呼...,￥10
王洪永,副主任医师,内分泌二科,泰安市中医医院,10.0,擅长：泰安市中医医院内分泌二科副主任医师,未开通
朱慧敏,主治医师,肾内科,天津市第五中心医院,,擅长：肾内科相关疾病,￥100
连豫苞,主任医师,感染科,三明市第一医院,10.0,擅长：病毒性肝炎、脂肪肝等各类肝病，发热、呼吸道感染、...,暂无排班
都海燕,副主任医师,消化内科,晋城煤业集团总医院,,擅长：消化内科方面的常见疾病。,暂无排班
李建飞,副主任医师,心血管内科,内蒙古自治区人民医院,,擅长：心血管内科的相关疾病,未开通
曹文杰,副主任医师,神经内科,复旦大学附属华山医院,9.9,擅长：主要擅长脑中风的诊断与治疗，脑血管病介入治疗，颈...,暂无排班
刘凌波,主任医师,血液科专家,华中科技大学同济医学院附属协和医院,9.6,擅长：髓系血液细胞生成与发育异常性疾病的诊治：（1）髓...,暂无排班
欧阳铭,副主任医师,呼吸科门诊,广州医科大学附属第一医院,9.9,擅长：支气管哮喘、慢性支气管炎、呼吸道感染性疾病的诊治...,￥800
吴秋玲,主任医师,血液科专家,华中科技大学同济医学院附属协和医院,9.8,擅长：白血病、淋巴瘤、多发性骨髓瘤、贫血、白细胞减少,￥100
黎纬明,副主任医师,血液科专家,华中科技大学同济医学院附属协和医院,10.0,擅长：慢性粒细胞白血病，造血系统恶性疾病、造血干细胞移...,未开通
井丽萍,副主任医师,血液内科,中国医学科学院血液病医院（血液学研究所）,9.9,擅长：红细胞疾病、出凝血疾病的临床诊疗，尤其是再生障碍...,￥300
罗明,主任医师,心血管科,上海市同济医院,9.9,擅长：高血压、冠心病、心力衰竭，各种心律失常包括早搏，...,￥130
赵成,副主任医师,风湿免疫科,南京鼓楼医院,10.0,擅长：类风湿关节炎，系统性红斑狼疮，强直性脊柱炎,暂无排班
夏军权,主任医师,消化科,固生堂南京宁西分院,9.9,擅长：消化科相关疾病,￥200
许建忠,主任医师,门诊高血压,上海交通大学医学院附属瑞金医院,9.8,擅长：难治性高血压诊治，肾神经消融治疗高血压，继发性高...,￥300
褚鹤龄,副主任医师,神经内科,上海市第六人民医院,10.0,擅长：各种不明原因的头晕、眩晕，脑梗死、脑出血、静脉窦...,暂无排班
高宾,主任医师,普通内科,鹤岗市人民医院,10.0,擅长：脑梗塞，脑动脉供血不足，高血压，脑出血，冠心病，...,￥50
赵树新,主任医师,内分泌科,天津市第三中心医院,10.0,擅长：糖尿病和糖尿病并发症，痛风，高血压，甲状腺疾病,￥80
于慧敏,主任医师,风湿免疫科,哈尔滨医科大学附属第二医院,10.0,擅长：类风湿性关节炎，强直性脊柱炎，骨关节炎,未开通
李平,副主任医师,内分泌科,中国人民解放军联勤保障部队第九六〇医院,9.9,擅长：糖尿病，甲亢，骨质疏松，库欣综合征，垂体疾病，甲...,未开通
杨峰,副主任医师,呼吸内科门诊,七台河市人民医院,10.0,擅长：支气管炎、慢阻肺急性加重期、肺结核、肺气肿、间质...,暂无排班
逄焕宁,副主任医师,消化内科,吉林市人民医院,10.0,擅长：胃食管反流病、根除幽门螺杆菌、胃肠息肉的治疗；早...,￥100
梁少兰,副主任医师,心血管内二科,广东省第二人民医院,10.0,擅长：心律失常的诊治，尤其心房颤动、心力衰竭的诊治。心...,暂无排班
姜水菊,主任医师,呼吸科,南通市第三人民医院,10.0,擅长：呼吸科常见病、疑难病的诊治。,暂无排班
董美学,副主任医师,神经内科,武汉大学人民医院,10.0,擅长：脑血管病，痴呆，帕金森病等,￥70
余洋,主治医师,内分泌内科,北京大学第一医院,10.0,擅长：糖尿病、甲状腺疾病及肾上腺疾病等,未开通
路美娟,副主任医师,心内二科,天津中医药大学第二附属医院,10.0,擅长：中西医治疗冠心病，心绞痛，心律失常，心衰，高血压...,￥30
崔燕平,副主任医师,感染科,聊城市人民医院,10.0,擅长：各类病毒性、酒精性、药物性等肝炎、肝硬化、肝癌。...,暂无排班
桑迎竹,主治医师,呼吸科,甘肃省人民医院,10.0,擅长：比较擅长呼吸科常见病、多发病、疑难杂症等病的诊断...,未开通
邓宝茹,主任医师,消化科,天津医科大学总医院,10.0,擅长：邓宝茹。主任医师。擅长胃肠及肝胆等疾病的诊断治疗...,未开通
刘乐明,主治医师,普内科,南昌大学第一附属医院,10.0,擅长：冠心病、高血压、心律失常、高脂血症等心血管内科疾...,￥30
冀琳琳,主治医师,呼吸科,中国人民解放军第305医院,10.0,擅长：长期从事呼吸科常见疾病临床工作，精通呼吸系统常见...,￥110
杨光,主任医师,二院肾内科门诊,江苏省人民医院,9.9,擅长：各种肾炎、肾病和肾功能不全肾衰竭的诊治，尤其疑难...,￥2000
李雯娜,副主任医师,心脏内科,中国医科大学附属第一医院,10.0,擅长：擅长冠心病(心绞痛、急性心肌梗死)，高血压(难治...,暂无排班
郭海英,主任医师,呼吸科,上海交通大学附属第一人民医院,9.6,擅长：毕业于上海医科大学，擅长慢性呼吸系统各类常见病及...,暂无排班
肖宜超,主治医师,心血管内科门诊,中南大学湘雅二医院,9.9,擅长：长期从事心血管内科疾病诊治，尤其熟悉介入心脏病学...,暂无排班
岳华,主任医师,肾病科,新疆维吾尔自治区人民医院,10.0,"擅长：肾病科常见病，多发病，各类急慢性肾脏疾病,继发性...",暂无排班
徐鹃鹃,副主任医师,感染科,天津医科大学总医院,9.9,擅长：新冠病毒肺炎，发热，病毒性肝炎，狂犬病，疫苗接种...,￥189
曾敬清,主治医师,消化科,上海儿童医学中心,10.0,擅长：常见儿童消化科相关疾病：腹泻，便秘，消化不良，幽...,￥300
杨月,主治医师,呼吸内科诊室,哈尔滨医科大学附属第一医院,10.0,"擅长：呼吸内科常见病包括肺炎,慢性阻塞性肺疾病,支气管...",未开通
张瑾,副主任医师,心内科,复旦大学附属华山医院,9.9,擅长：冠心病、高血压、心律失常、心肌病等常见心血管病诊...,￥500
卢立新,主任医师,肾病科,泰安市中医医院,9.9,擅长：从事临床工作30余年，独创三元疗法治疗各种肾病及...,￥200
朱翠云,主任医师,感染科,上海市公共卫生临床中心市区分部,10.0,擅长：长期从事感染性疾病临床工作，熟悉各种常见传染病（...,￥180
林煌斌,主治医师,神经内科,上海长海医院,10.0,擅长：脑血管病（包括脑梗死，脑梗塞，脑卒中，脑中风，脑...,暂无排班
刘序友,主任医师,消化内科,广州市红十字会医院,10.0,擅长：胃炎、幽门螺杆菌感染、肠炎、食管炎、肝炎、肝硬化...,￥89
刘春生,主任医师,内科,石家庄市人民医院,10.0,擅长：从医30余年，擅长心血管疾病如冠心病，心绞痛，心...,￥100
刘志平,主治医师,呼吸科,黑龙江中医药大学附属第一医院,10.0,擅长：肺炎、弥漫性泛细支气管炎、哮喘、慢性阻塞性肺疾病...,￥50
郭伏平,副主任医师,感染内科,北京协和医院,9.6,擅长：各种感染性疾病、不明原因发热、肝炎、艾滋病等方面...,未开通
李洪强,副主任医师,血液内科,中国医学科学院血液病医院（血液学研究所）,9.9,擅长：各类血液病的诊断与治疗，尤其擅长各类出凝血疾病。...,￥200
雷丰丰,主任医师,呼吸科,甘肃省人民医院,10.0,擅长：肺结节，磨玻璃结节，亚实性结节，肺部感染，新型冠...,￥50
沈捷,主任医师,心血管专科,上海儿童医学中心,9.9,擅长：先天性心脏病的介入治疗以及心律失常、川崎病、肺动...,未开通
陈学颖,副主任医师,心内科,复旦大学附属中山医院,9.9,擅长：心内科常见疾病，尤其是心脏起搏器的植入与随访，心...,未开通
李渊,主任医师,消化科,北京大学第三医院,9.9,擅长：各种消化道疾病，尤其是早期胃癌、食管癌及癌前病变...,暂无排班
马骏,主任医师,抽动症,上海儿童医学中心,9.8,擅长：医学博士，主任医师，教授，上海交通大学医学院硕士...,未开通
代世摩,主治医师,心内科,复旦大学附属中山医院,10.0,擅长：心房颤动，室上性心动过速，室性早搏，室性心动过速...,未开通
李瑛,主治医师,呼吸内科(内科新冠门诊),中南大学湘雅医院,9.9,擅长：慢性支气管炎，肺气肿，慢阻肺、哮喘、肺癌，肺结核...,￥300
郑丹侠,主任医师,肾病内科,北京大学第三医院,10.0,擅长：各种肾炎的诊断和治疗膜性肾病，IgA肾病，微小病...,暂无排班
楚长彪,副主任医师,神经内科,首都医科大学宣武医院,9.9,擅长：头痛，头晕，脑血管病、炎症和认知障碍等神经变性疾...,￥1000
孔军,副主任医师,血液病研究所,北京大学人民医院,10.0,擅长：治疗造血干细胞移植并发症及急慢性白血病。同时对血...,￥300
张文礼,副主任医师,内分泌科门诊,南京市第一医院,10.0,擅长：熟练掌握糖尿病的强化治疗、并发症的防治，尤其是外...,￥29
张清芬,主任医师,心血管内科,河北省人民医院,10.0,擅长：高血压、冠心病、心衰心律失常心血管神经症,暂无排班
王亮,副主任医师,心血管内科门诊,江苏省人民医院,10.0,擅长：冠心病、高血压、高脂血症、心力衰竭、心律失常药物...,暂无排班
薛骏,主任医师,肾内科,复旦大学附属华山医院,9.7,擅长：疑难血管通路的建立、急性、慢性肾小球肾炎；间质性...,未开通
马毓,主治医师,门诊高血压,上海交通大学医学院附属瑞金医院,10.0,擅长：高血压优化治疗，高血压病因筛查，难治性高血压诊治,未开通
胡颖,主治医师,神经内科门诊(绩溪路),安徽医科大学第一附属医院绩溪路院区,10.0,擅长：神经内科常见疾病的诊治,暂无排班
刘凯,主治医师,心血管内科,安庆市立医院,10.0,擅长：刘凯，心内科主治医师，于2011年毕业于安徽医科...,￥50
谢容根,副主任医师,感染科·肝病诊疗中心,东莞市第三人民医院,10.0,擅长：常见感染及肝脏相关疾病，如发热查因、肺结核、结核...,￥300
曲爱忠,副主任医师,血液病科,潍坊市益都中心医院,10.0,擅长：淋巴瘤，贫血，血小板增多，血小板减少，肺癌，食管...,￥40
白然,主任医师,内分泌科,大连医科大学附属第一医院,10.0,擅长：糖尿病及其并发症的诊断、治疗以及甲状腺、肾上腺、...,暂无排班
姜林宏,主治医师,感染科,江苏省人民医院,10.0,擅长：艾滋，新冠状病毒感染，梅毒，恐艾，肝炎，水痘，狂...,￥30
魏兵,副主任医师,消化内科,桂林医学院附属医院,10.0,擅长：消化内科常见病多发病诊治。全科医学相关疾病以及旅...,￥198
刘先锋,主治医师,内六科,泰达国际心血管病医院,10.0,擅长：心脏病、呼吸疾病、消化疾病、代谢疾病以及常见传染...,暂无排班
张宁,副主任医师,肾内科,天津医科大学第二医院,10.0,擅长：肾内科相关常见疾病诊治,未开通
王凯,副主任医师,心内科,鸡西市中医医院,10.0,擅长：擅长冠状病毒感染冠状病毒肺炎心血管内科常见疾...,￥88
李健洪,主任医师,心内科,清远市人民医院,10.0,擅长：在冠心病、高血压、心力衰竭、高血脂等心血管常见病...,￥88
黄武,副主任医师,老年内科门诊,中南大学湘雅二医院,,擅长：主要从事老年内分泌疾病临床，在多年的工作中积累了...,未开通
蔡珍华,副主任医师,消化科,中国人民解放军第95医院,10.0,擅长：慢性胃炎，胃食管反流，胃肠功能紊乱，肝炎，胃幽门...,￥40
易朝辉,主任医师,内科,揭阳市榕城区人民医院,10.0,擅长：高血压.糖尿病.胃病.冠心病心力衰竭、顽固性胃病...,￥50
郭玉强,副主任医师,肾内科,聊城市第二人民医院,10.0,擅长：肾病综合征，肾炎综合征，血尿，蛋白尿，高血压，糖...,￥58
冯立刚,副主任医师,心血管内科,石嘴山市第二人民医院,10.0,擅长：心血管疾病治疗，高血压，冠心病，心绞痛，心力衰竭...,暂无排班
陈畅,副主任医师,消化内科,宜昌市第一人民医院,10.0,"擅长：""急性胰腺炎及其相关疾病的诊治。消化道早癌的内镜...",￥200
田荣茂,主任医师,肝病专科,三明市中西医结合医院,10.0,擅长：新型冠状病毒感染的肺炎诊断、鉴别诊断。2004年...,￥100
杜勇,主治医师,消化内科,黄山市人民医院,10.0,擅长：暂无介绍,￥20
金毅斌,副主任医师,消化内科,乌镇互联网医院门诊部,10.0,擅长：消化道（食管、胃、结肠）息肉、粘膜异型增生（不典...,暂无排班
范庭涛,副主任医师,呼吸内科,三明市第一医院,10.0,擅长：呼吸系统疾病，包括上呼吸道感染、急慢性咳嗽、急性...,暂无排班
魏行纬,住院医师,呼吸内科,海南省人民医院,10.0,擅长：全科专业，擅长上感肺炎慢阻肺高血压冠心病...,￥10
蒲鹏,副主任医师,心血管内科,重庆医科大学附属第一医院,10.0,擅长：冠心病，高血压，心力衰竭及心血管疑难危重症,未开通
李亚其,主治医师,东院消化内科门诊,河南省人民医院,10.0,擅长：消化内科常见疾病的诊治。,暂无排班
梁建英,主任医师,内科,石家庄市人民医院,10.0,擅长：各种呼吸道疾病，慢性阻塞性肺疾病，心脑血管疾病，...,暂无排班
程宗新,副主任医师,神经内科,南昌大学第三附属医院,10.0,擅长：心脑血管病的常见病、多发病、部分疑难病，心身疾病...,￥49
李志荃,主任医师,感染性疾病科,寿光市人民医院,10.0,擅长：各类感染性疾病，包括病毒性肝炎，水痘，麻疹，手足...,￥50
李春雨,主治医师,内分泌内科,华中科技大学同济医学院附属同济医院,10.0,擅长：常见内分泌内科疾病,未开通
宋梦莹,副主任医师,心血管内科,广西医科大学第一附属医院,10.0,擅长：心内科方面的常见疾病。,未开通
刘葵花,主任医师,肝病科,山东省公共卫生临床中心,10.0,擅长：各种病毒性肝炎、肝硬化、肝衰竭、流脑、乙脑、肾综...,未开通
赵文,主任医师,干部保健科,天津医科大学总医院,10.0,擅长：老年病、脑血管病、癫痫、认知功能障碍等神经系统疾...,暂无排班
杨艳华,副主任医师,消化内科,恩施州中心医院,9.9,擅长：消化系统常见病，多发病。消化系统急危重症。,￥89
张可,副主任医师,感染科,首都医科大学附属北京佑安医院,,擅长：从事艾滋病治疗多年，对HIV可以可疑感染判断，可...,暂无排班
黄强,副主任医师,心血管内科,丽水微医互联网医院,10.0,擅长：中西医结合治疗心脑血管疾病，冠心病，心绞痛，高血...,￥30
苏冬菊,主任医师,呼吸内科,哈尔滨医科大学附属第二医院,10.0,擅长：肺部感染性疾病、肺心病、肺癌、支气管哮喘、胸腔积...,未开通
张小乐,副主任医师,心血管内科,肇庆市第一人民医院,10.0,擅长：冠心病、高血压、心力衰竭。心律失常、心肌病,暂无排班
刘泽英,主任医师,呼吸内科,首都医科大学附属北京安贞医院,10.0,擅长：哮喘，慢阻肺（慢支、肺气肿），肺间质病，肺栓塞等...,未开通
张国艳,副主任医师,消化内科,北京大学人民医院,10.0,擅长：1、胃食管反流病的诊断及系统治疗。不明原因胸痛...,未开通
王少鹏,副主任医师,心内科,大连医科大学附属第一医院,9.9,擅长：心内科常见疾病,￥120
李勇,主任医师,呼吸内科,齐齐哈尔市建华医院,10.0,擅长：心脑血管，呼吸，消化消化疾病,暂无排班
田勇,副主任医师,内分泌科门诊,郑州人民医院,,擅长：糖尿病、甲状腺疾病等内分泌代谢病的诊断与治疗，尤...,暂无排班
张金龙,主治医师,神经内科,恩施市中心医院,,擅长：头痛、头晕、脑梗塞、脑出血、神经痛、重症肌无力、...,未开通
齐惠英,副主任医师,心血管内科,天津市第三中心医院分院,,擅长：于冠心病、心绞痛、心衰、高血压的诊断及治疗。,暂无排班
赵晓刚,副主任医师,磨玻璃结节专病门诊,上海市肺科医院,9.9,擅长：磨玻璃结节、GGN、GGO、磨玻璃影、肺部小结节...,￥1200
周德凯,主任医师,血管瘤专业,重庆医科大学附属儿童医院礼嘉分院,9.9,擅长：小儿普外科各种疾病；各类血管瘤、血管畸形、淋巴管...,￥200
徐大民,副主任医师,肾内科,北京大学第一医院,10.0,擅长：肾炎、肾病综合征、IgA肾病、膜性肾病、高血压肾...,￥170
齐军元,主任医师,血液内科,中国医学科学院血液病医院（血液学研究所）,9.8,擅长：疾病的诊断和鉴别诊断：淋巴瘤、骨髓瘤、各种白血病...,￥800
杨军,副主任医师,神经内科,中国医科大学附属第一医院,10.0,擅长：急性脑血管病诊断治疗,￥50
刘学东,副主任医师,神经内科,西京医院,9.8,擅长：帕金森病诊断及治疗（包括术前评估）、震颤、肌张力...,暂无排班
胡群,主任医师,血友病（儿科）,华中科技大学同济医学院附属同济医院,9.7,擅长：小儿血液、肿瘤性疾病的诊治，尤其对小儿贫血、血友...,未开通
刘晖,副主任医师,心内科,北京儿童医院,10.0,擅长：长期从事小儿先天性心脏病介入手术治疗，对儿童特别...,未开通
钟册俊,主治医师,普内感染门诊,四川大学华西医院,9.9,擅长：疑难复杂性感染病疾病的诊治。对耐药菌、复杂真菌感...,￥80
易铁慈,副主任医师,心血管内科,北京大学第一医院,9.9,擅长：冠状动脉微创介入治疗，瓣膜性心脏病、先天性心脏病...,￥100
程勇,主任医师,内科,上海真安堂中医门诊部,9.9,擅长：1、消化系统疾病（慢性胃炎及胃粘膜异型增生、肠上...,暂无排班
张宇清,主任医师,心内科,中国医学科学院阜外医院,9.8,擅长：原发和继发性高血压、难治性高血压，心力衰竭。,未开通
张纯,主任医师,血液科专家,华中科技大学同济医学院附属协和医院,9.5,擅长：造血系统恶性疾病、贫血,未开通
吕晓毅,副主任医师,血液科,中国医科大学附属第一医院,10.0,擅长：常见、疑难和罕见血液疾病常见血液病：如再生障碍...,￥100
陈凤欣,主任医师,感染科,北京地坛医院,10.0,擅长：各种类型肝炎（含乙肝、丙肝、甲肝、戊肝、脂肪肝等...,￥300
陆宁,副主任医师,内科,天津和平微医医院,9.8,擅长：乳腺癌、肺癌、卵巢癌等多种实体肿瘤化疗、内分泌治...,￥100
王小钦,主任医师,血液科,复旦大学附属华山医院,9.8,擅长：血液系统各种疾病，特别是各种类型贫血的诊断和治疗...,￥300
李鑫,主任医师,感染科,北京地坛医院,10.0,擅长：新冠肺炎、各种肝炎、肝硬化、肝衰竭、感染性疾病及...,￥500
侯周华,主任医师,感染病科,中南大学湘雅医院,9.8,擅长：病毒性肝炎(乙型肝炎、丙型肝炎等)、肝功能衰竭、...,￥150
李乾,主任医师,消化内科(内科新冠门诊),中南大学湘雅医院,9.6,擅长：消化系统疾病的诊断与治疗，电子超声内镜的检查与介...,未开通
高莎莎,副主任医师,神经内科(河医院区),郑州大学第一附属医院,10.0,擅长：擅长白内障，青光眼，眼外伤的诊断和治疗，熟练...,未开通
尹延伟,副主任医师,神经内科门诊,空军特色医学中心,10.0,擅长：神经内科临床工作16年，擅长失眠症、植物神经功能...,￥199
敖翔,副主任医师,肾病内科(内科新冠门诊),中南大学湘雅医院,9.8,擅长：急慢性肾脏病防治、腹膜透析、血管通路、肾脏病危急...,未开通
廖莹,副主任医师,肾内科,深圳市第二人民医院,10.0,擅长：肾小球肾炎，腹膜透析，血液透析，继发性甲旁亢，肾...,￥60
宋立军,主任医师,风湿科,山东大学齐鲁医院,10.0,擅长：常见和疑难风湿性疾病的诊断与治疗，系统性红斑狼疮...,暂无排班
马希英,副主任医师,普内科,广东省人民医院,10.0,擅长：1、糖尿病、甲状腺机能亢进、痛风、高血脂及慢性...,暂无排班
曹桂秋,主任医师,心血管内科,新疆医科大学第五附属医院,10.0,擅长：心血管疾病，老年病，尤其老年心血管疾病、难治性心...,暂无排班
谢运,主治医师,心脏内科,上海交通大学医学院附属瑞金医院,10.0,擅长：房颤房扑，早搏，室上速等快速性心律失常的综合治疗...,未开通
黄金莎,副主任医师,癫痫专病门诊,华中科技大学同济医学院附属协和医院,10.0,擅长：黄金莎，女，医学博士，擅长脑血管病的诊断治疗，癫...,暂无排班
张玲,副主任医师,门诊消化,上海交通大学医学院附属瑞金医院,9.8,擅长：胆胰疾病及消化内科常见疾病,暂无排班
张翀,主任医师,肾脏内科,上海交通大学医学院附属新华医院,10.0,擅长：各种原发和继发性肾脏病如肾小球肾炎、糖尿病肾病、...,￥150
何飞,主任医师,呼吸内科,杭州市红十字会医院,10.0,擅长：1.慢性呼吸道疾病诊治，如慢性咳嗽、哮喘、慢阻肺...,￥100
周广怡,副主任医师,神经内科,长沙市第一医院,9.9,擅长：脑血管病介入诊断与治疗，在脑梗死、脑出血、痴呆、...,￥120
耿小勇,主任医师,心血管内科,河北医科大学第三医院,10.0,擅长：冠心病、高血压病、心律失常，及心力衰竭等危重症抢...,￥50
李小莹,副主任医师,老年病科,空军军医大学(第四军医大学)口腔医学院,10.0,擅长：高血压，糖尿病，脑血管病，眩晕疾病、各种头疼及颌...,暂无排班
王启闻,主治医师,心血管内科,浙江大学医学院附属第一医院,10.0,擅长：高血压病、冠心病、心肌病、心律失常、心力衰竭、高...,￥48
